Rk,Player,Pos,Age,Tm,G,GS,MP,FG,FGA,FG%,3P,3PA,3P%,2P,2PA,2P%,eFG%,FT,FTA,FT%,ORB,DRB,TRB,AST,STL,BLK,TOV,PF,PTS
1,Alex Abrines\abrinal01,SG,24,OKC,75,8,1134,115,291,0.395,84,221,0.38,31,70,0.443,0.54,39,46,0.848,26,88,114,28,38,8,25,124,353
2,Quincy Acy\acyqu01,PF,27,BRK,70,8,1359,130,365,0.356,102,292,0.349,28,73,0.384,0.496,49,60,0.817,40,217,257,57,33,29,60,149,411
3,Steven Adams\adamsst01,C,24,OKC,76,76,2487,448,712,0.629,0,2,0,448,710,0.631,0.629,160,286,0.559,384,301,685,88,92,78,128,215,1056
4,Bam Adebayo\adebaba01,C,20,MIA,69,19,1368,174,340,0.512,0,7,0,174,333,0.523,0.512,129,179,0.721,118,263,381,101,32,41,66,138,477
5,Arron Afflalo\afflaar01,SG,32,ORL,53,3,682,65,162,0.401,27,70,0.386,38,92,0.413,0.485,22,26,0.846,4,62,66,30,4,9,21,56,179
6,Cole Aldrich\aldrico01,C,29,MIN,21,0,49,5,15,0.333,0,0,,5,15,0.333,0.333,2,6,0.333,3,12,15,3,2,1,1,11,12
7,LaMarcus Aldridge\aldrila01,C,32,SAS,75,75,2509,687,1347,0.51,27,92,0.293,660,1255,0.526,0.52,334,399,0.837,246,389,635,152,43,90,111,161,1735
8,Jarrett Allen\allenja01,C,19,BRK,72,31,1441,234,397,0.589,5,15,0.333,229,382,0.599,0.596,114,147,0.776,144,244,388,49,28,88,82,147,587
9,Kadeem Allen\allenka01,PG,25,BOS,18,1,107,6,22,0.273,0,11,0,6,11,0.545,0.273,7,9,0.778,4,7,11,12,3,2,9,15,19
10,Tony Allen\allento01,SF,36,NOP,22,0,273,44,91,0.484,4,12,0.333,40,79,0.506,0.505,11,21,0.524,20,27,47,9,11,3,19,49,103
11,Al-Farouq Aminu\aminual01,PF,27,POR,69,67,2072,230,582,0.395,125,339,0.369,105,243,0.432,0.503,59,80,0.738,97,428,525,84,79,40,79,136,644
12,Justin Anderson\anderju01,SF,24,PHI,38,0,519,87,202,0.431,34,103,0.33,53,99,0.535,0.515,28,38,0.737,25,68,93,25,15,7,16,54,236
13,Kyle Anderson\anderky01,SF,24,SAS,74,67,1978,231,438,0.527,19,57,0.333,212,381,0.556,0.549,104,146,0.712,84,312,396,202,115,60,94,114,585
14,Ryan Anderson\anderry01,PF,29,HOU,66,50,1725,207,480,0.431,131,339,0.386,76,141,0.539,0.568,72,93,0.774,94,237,331,60,24,21,42,126,617
15,Ike Anigbogu\anigbik01,C,19,IND,11,0,30,4,9,0.444,0,0,,4,9,0.444,0.444,5,6,0.833,5,4,9,0,1,3,2,1,13
16,Giannis Antetokounmpo\antetgi01,PF,23,MIL,75,75,2756,742,1402,0.529,43,140,0.307,699,1262,0.554,0.545,487,641,0.76,156,597,753,361,109,106,223,231,2014
17,Carmelo Anthony\anthoca01,PF,33,OKC,78,78,2501,472,1168,0.404,169,474,0.357,303,694,0.437,0.476,148,193,0.767,67,386,453,103,47,49,99,197,1261
18,OG Anunoby\anunoog01,SF,20,TOR,74,62,1481,163,346,0.471,73,197,0.371,90,149,0.604,0.577,39,62,0.629,44,140,184,55,52,14,45,130,438
19,Ryan Arcidiacono\arcidry01,PG,23,CHI,24,0,304,17,41,0.415,9,31,0.29,8,10,0.8,0.524,5,6,0.833,1,24,25,35,13,0,13,18,48
20,Trevor Ariza\arizatr01,SF,32,HOU,67,67,2269,268,651,0.412,170,462,0.368,98,189,0.519,0.542,76,89,0.854,33,261,294,105,98,13,52,132,782
21,Darrell Arthur\arthuda01,PF,29,DEN,19,1,141,22,47,0.468,8,23,0.348,14,24,0.583,0.553,2,3,0.667,3,12,15,9,8,3,15,22,54
22,Jamel Artis\artisja01,SG,25,ORL,15,1,279,31,79,0.392,8,29,0.276,23,50,0.46,0.443,7,12,0.583,4,34,38,18,2,3,8,11,77
23,Omer Asik\asikom01,C,31,TOT,18,0,182,9,22,0.409,0,0,,9,22,0.409,0.409,4,13,0.308,9,38,47,3,2,4,9,20,22
23,Omer Asik\asikom01,C,31,NOP,14,0,121,7,16,0.438,0,0,,7,16,0.438,0.438,4,12,0.333,7,30,37,2,1,2,5,14,18
23,Omer Asik\asikom01,C,31,CHI,4,0,61,2,6,0.333,0,0,,2,6,0.333,0.333,0,1,0,2,8,10,1,1,2,4,6,4
24,D.J. Augustin\augusdj01,PG,30,ORL,75,36,1760,244,540,0.452,114,272,0.419,130,268,0.485,0.557,164,189,0.868,30,130,160,287,54,0,123,94,766
25,Luke Babbitt\babbilu01,SF,28,TOT,50,14,715,91,215,0.423,60,156,0.385,31,59,0.525,0.563,17,22,0.773,7,89,96,31,8,7,19,54,259
25,Luke Babbitt\babbilu01,SF,28,ATL,37,9,570,80,168,0.476,49,111,0.441,31,57,0.544,0.622,17,22,0.773,5,76,81,26,7,5,15,47,226
25,Luke Babbitt\babbilu01,SF,28,MIA,13,5,145,11,47,0.234,11,45,0.244,0,2,0,0.351,0,0,,2,13,15,5,1,2,4,7,33
26,Dwayne Bacon\bacondw01,SG,22,CHO,53,6,713,72,192,0.375,11,43,0.256,61,149,0.409,0.404,20,25,0.8,4,120,124,38,16,2,23,46,175
27,Ron Baker\bakerro01,SG,24,NYK,29,1,385,20,59,0.339,11,33,0.333,9,26,0.346,0.432,20,26,0.769,5,25,30,47,26,6,18,33,71
28,Wade Baldwin\baldwwa01,PG,21,POR,7,0,80,14,21,0.667,4,5,0.8,10,16,0.625,0.762,6,10,0.6,1,7,8,5,2,1,4,12,38
29,Lonzo Ball\balllo01,PG,20,LAL,52,50,1780,203,564,0.36,90,295,0.305,113,269,0.42,0.44,32,71,0.451,69,291,360,376,88,43,136,117,528
30,J.J. Barea\bareajo01,PG,33,DAL,69,10,1603,303,690,0.439,115,313,0.367,188,377,0.499,0.522,80,102,0.784,15,186,201,434,35,3,143,83,801
31,Harrison Barnes\barneha02,PF,25,DAL,77,77,2634,537,1208,0.445,119,333,0.357,418,875,0.478,0.494,259,313,0.827,77,391,468,152,49,14,118,94,1452
32,Will Barton\bartowi01,SG,27,DEN,81,40,2683,465,1028,0.452,156,422,0.37,309,606,0.51,0.528,182,226,0.805,70,339,409,331,82,52,149,168,1268
33,Nicolas Batum\batumni01,SG,29,CHO,64,64,1981,270,650,0.415,92,274,0.336,178,376,0.473,0.486,108,130,0.831,57,249,306,349,65,23,131,72,740
34,Jerryd Bayless\bayleje01,SG,29,PHI,39,11,925,109,262,0.416,54,146,0.37,55,116,0.474,0.519,35,44,0.795,15,65,80,54,23,6,46,91,307
35,Aron Baynes\baynear01,C,31,BOS,81,67,1485,210,446,0.471,3,21,0.143,207,425,0.487,0.474,59,78,0.756,130,304,434,93,22,51,80,200,482
36,Kent Bazemore\bazemke01,SG,28,ATL,65,65,1789,284,676,0.42,108,274,0.394,176,402,0.438,0.5,160,201,0.796,25,223,248,228,100,45,157,147,836
37,Bradley Beal\bealbr01,SG,24,WAS,82,82,2977,683,1484,0.46,199,530,0.375,484,954,0.507,0.527,292,369,0.791,61,302,363,373,96,36,214,160,1857
38,Malik Beasley\beaslma01,SG,21,DEN,62,0,583,73,178,0.41,28,82,0.341,45,96,0.469,0.489,22,33,0.667,14,57,71,31,15,7,24,36,196
39,Michael Beasley\beaslmi01,PF,29,NYK,74,30,1653,409,807,0.507,34,86,0.395,375,721,0.52,0.528,124,159,0.78,97,317,414,123,36,43,143,145,976
40,Marco Belinelli\belinma01,SG,31,TOT,80,2,1947,337,764,0.441,149,395,0.377,188,369,0.509,0.539,148,163,0.908,20,131,151,148,66,12,94,91,971
40,Marco Belinelli\belinma01,SG,31,ATL,52,1,1210,199,485,0.41,92,247,0.372,107,238,0.45,0.505,101,109,0.927,14,86,100,103,46,3,54,41,591
40,Marco Belinelli\belinma01,SG,31,PHI,28,1,737,138,279,0.495,57,148,0.385,81,131,0.618,0.597,47,54,0.87,6,45,51,45,20,9,40,50,380
41,Jordan Bell\belljo01,C,23,GSW,57,13,809,116,185,0.627,0,4,0,116,181,0.641,0.627,30,44,0.682,60,147,207,102,35,56,51,92,262
42,DeAndre' Bembry\bembrde01,SF,23,ATL,26,3,455,53,128,0.414,11,30,0.367,42,98,0.429,0.457,19,33,0.576,8,64,72,49,21,12,47,38,136
43,Dragan Bender\bendedr01,PF,20,PHO,82,37,2069,187,484,0.386,118,322,0.366,69,162,0.426,0.508,39,51,0.765,40,321,361,130,22,53,112,166,531
44,Davis Bertans\bertada01,PF,25,SAS,77,10,1086,161,366,0.44,94,252,0.373,67,114,0.588,0.568,40,49,0.816,18,135,153,74,26,28,36,93,456
45,Patrick Beverley\beverpa01,SG,29,LAC,11,11,334,48,119,0.403,24,60,0.4,24,59,0.407,0.504,14,17,0.824,16,29,45,32,19,5,25,34,134
46,Khem Birch\birchkh01,C,25,ORL,42,0,578,68,126,0.54,0,0,,68,126,0.54,0.54,42,61,0.689,70,110,180,34,15,21,21,56,178
47,Jabari Bird\birdja01,SG,23,BOS,13,1,115,15,26,0.577,3,7,0.429,12,19,0.632,0.635,6,13,0.462,6,13,19,8,3,1,8,7,39
48,Bismack Biyombo\biyombi01,C,25,ORL,82,25,1495,183,352,0.52,0,1,0,183,351,0.521,0.52,102,157,0.65,144,324,468,66,21,95,84,158,468
49,Nemanja Bjelica\bjeline01,PF,29,MIN,67,21,1371,171,371,0.461,76,183,0.415,95,188,0.505,0.563,36,45,0.8,53,221,274,86,50,16,52,141,454
50,Tarik Black\blackta01,C,26,HOU,51,2,536,75,127,0.591,1,11,0.091,74,116,0.638,0.594,29,63,0.46,63,100,163,13,21,30,35,107,180
51,Antonio Blakeney\blakean01,SG,21,CHI,19,0,314,53,143,0.371,15,52,0.288,38,91,0.418,0.423,30,39,0.769,4,29,33,20,7,1,11,19,151
52,Eric Bledsoe\bledser01,PG,28,TOT,74,74,2322,468,989,0.473,125,360,0.347,343,629,0.545,0.536,252,317,0.795,51,233,284,370,149,42,216,185,1313
52,Eric Bledsoe\bledser01,PG,28,PHO,3,3,83,16,40,0.4,4,13,0.308,12,27,0.444,0.45,11,14,0.786,3,4,7,9,4,2,10,6,47
52,Eric Bledsoe\bledser01,PG,28,MIL,71,71,2239,452,949,0.476,121,347,0.349,331,602,0.55,0.54,241,303,0.795,48,229,277,361,145,40,206,179,1266
53,Vander Blue\blueva01,SG,25,LAL,5,0,45,1,5,0.2,0,2,0,1,3,0.333,0.2,1,2,0.5,0,1,1,3,1,0,3,2,3
54,Bogdan Bogdanovic\bogdabo01,SG,25,SAC,78,53,2175,344,772,0.446,129,329,0.392,215,443,0.485,0.529,100,119,0.84,31,192,223,258,72,16,125,172,917
55,Bojan Bogdanovic\bogdabo02,SF,28,IND,80,80,2464,404,852,0.474,155,386,0.402,249,466,0.534,0.565,178,205,0.868,30,240,270,119,55,8,106,129,1141
56,Andrew Bogut\bogutan01,C,33,LAL,23,5,216,17,25,0.68,0,0,,17,25,0.68,0.68,2,2,1,26,52,78,15,4,13,19,40,36
57,Joel Bolomboy\bolomjo01,PF,24,MIL,6,0,38,3,6,0.5,0,1,0,3,5,0.6,0.5,3,6,0.5,6,4,10,0,2,0,2,3,9
58,Devin Booker\bookede01,SG,21,PHO,54,54,1865,455,1054,0.432,147,384,0.383,308,670,0.46,0.501,289,329,0.878,26,218,244,253,47,14,194,168,1346
59,Trevor Booker\booketr01,PF,30,TOT,68,7,1158,177,343,0.516,8,33,0.242,169,310,0.545,0.528,66,93,0.71,117,201,318,82,28,21,59,119,428
59,Trevor Booker\booketr01,PF,30,BRK,18,6,395,77,150,0.513,3,12,0.25,74,138,0.536,0.523,24,43,0.558,38,81,119,38,8,5,30,43,181
59,Trevor Booker\booketr01,PF,30,PHI,33,0,494,61,109,0.56,2,7,0.286,59,102,0.578,0.569,32,39,0.821,47,75,122,27,16,11,20,50,156
59,Trevor Booker\booketr01,PF,30,IND,17,1,269,39,84,0.464,3,14,0.214,36,70,0.514,0.482,10,11,0.909,32,45,77,17,4,5,9,26,91
60,Chris Boucher\bouchch01,PF,25,GSW,1,0,1,0,1,0,0,1,0,0,0,,0,0,0,,0,1,1,0,0,0,0,0,0
61,Avery Bradley\bradlav01,SG,27,TOT,46,46,1433,259,625,0.414,75,203,0.369,184,422,0.436,0.474,63,82,0.768,22,94,116,94,51,8,101,92,656
61,Avery Bradley\bradlav01,SG,27,DET,40,40,1268,233,570,0.409,74,194,0.381,159,376,0.423,0.474,61,80,0.763,19,75,94,83,46,7,93,80,601
61,Avery Bradley\bradlav01,SG,27,LAC,6,6,165,26,55,0.473,1,9,0.111,25,46,0.543,0.482,2,2,1,3,19,22,11,5,1,8,12,55
62,Tony Bradley\bradlto01,C,20,UTA,9,0,29,3,11,0.273,0,1,0,3,10,0.3,0.273,2,2,1,4,7,11,1,0,0,0,1,8
63,Corey Brewer\breweco01,SF-SG,31,TOT,72,18,1208,142,316,0.449,31,110,0.282,111,206,0.539,0.498,65,90,0.722,43,111,154,65,79,14,49,139,380
63,Corey Brewer\breweco01,SF,31,LAL,54,2,694,78,172,0.453,8,43,0.186,70,129,0.543,0.477,34,51,0.667,23,70,93,41,41,8,38,83,198
63,Corey Brewer\breweco01,SG,31,OKC,18,16,514,64,144,0.444,23,67,0.343,41,77,0.532,0.524,31,39,0.795,20,41,61,24,38,6,11,56,182
64,Malcolm Brogdon\brogdma01,PG,25,MIL,48,20,1436,244,503,0.485,62,161,0.385,182,342,0.532,0.547,75,85,0.882,23,133,156,152,41,13,66,128,625
65,Aaron Brooks\brookaa01,PG,33,MIN,32,1,189,28,69,0.406,11,31,0.355,17,38,0.447,0.486,8,11,0.727,7,10,17,20,6,0,11,28,75
66,Dillon Brooks\brookdi01,SF,22,MEM,82,74,2350,340,772,0.44,94,264,0.356,246,508,0.484,0.501,124,166,0.747,49,208,257,135,73,17,124,233,898
67,MarShon Brooks\brookma01,SG,29,MEM,7,1,193,51,102,0.5,19,32,0.594,32,70,0.457,0.593,20,23,0.87,8,13,21,25,11,3,16,6,141
68,Anthony Brown\brownan02,SF,25,MIN,1,0,4,1,1,1,1,1,1,0,0,,1.5,0,0,,0,0,0,1,0,0,0,0,3
69,Bobby Brown\brownbo02,PG,33,HOU,20,0,115,19,58,0.328,11,40,0.275,8,18,0.444,0.422,1,2,0.5,0,7,7,11,4,0,9,6,50
70,Jaylen Brown\brownja02,SG,21,BOS,70,70,2152,373,803,0.465,121,306,0.395,252,497,0.507,0.54,150,233,0.644,66,280,346,114,70,26,124,181,1017
71,Lorenzo Brown\brownlo01,PG,27,TOR,14,0,139,14,34,0.412,2,12,0.167,12,22,0.545,0.441,2,2,1,1,14,15,13,5,0,3,7,32
72,Markel Brown\brownma02,SG,26,HOU,4,0,31,2,7,0.286,1,5,0.2,1,2,0.5,0.357,0,0,,1,4,5,2,0,0,2,6,5
73,Sterling Brown\brownst02,SG,22,MIL,54,4,776,82,205,0.4,32,91,0.352,50,114,0.439,0.478,21,24,0.875,27,116,143,25,31,13,25,80,217
74,Nicolas Brussino\brussni01,SF,24,ATL,4,0,10,0,2,0,0,2,0,0,0,,0,0,0,,0,3,3,0,0,0,0,0,0
75,Thomas Bryant\bryanth01,C,20,LAL,15,0,72,8,21,0.381,1,10,0.1,7,11,0.636,0.405,5,9,0.556,3,14,17,6,1,2,2,6,22
76,Reggie Bullock\bullore01,SF,26,DET,62,52,1732,267,546,0.489,125,281,0.445,142,265,0.536,0.603,39,49,0.796,27,127,154,95,47,13,47,70,698
77,Trey Burke\burketr01,PG,25,NYK,36,9,785,193,384,0.503,38,105,0.362,155,279,0.556,0.552,37,57,0.649,13,58,71,170,24,4,43,43,461
78,Alec Burks\burksal01,SG,26,UTA,64,1,1059,170,414,0.411,47,142,0.331,123,272,0.452,0.467,107,124,0.863,19,173,192,67,37,8,60,75,494
79,Jimmy Butler\butleji01,SG,28,MIN,59,59,2164,437,921,0.474,70,200,0.35,367,721,0.509,0.512,363,425,0.854,79,235,314,288,116,24,108,78,1307
80,Dwight Buycks\buyckdw01,PG,28,DET,29,0,427,82,198,0.414,15,45,0.333,67,153,0.438,0.452,36,41,0.878,12,29,41,59,19,2,39,39,215
81,Bruno Caboclo\cabocbr01,SF,22,TOT,12,0,107,9,31,0.29,3,17,0.176,6,14,0.429,0.339,5,6,0.833,7,15,22,4,3,4,4,8,26
81,Bruno Caboclo\cabocbr01,SF,22,TOR,2,0,7,0,2,0,0,2,0,0,0,,0,0,0,,0,1,1,1,1,0,0,1,0
81,Bruno Caboclo\cabocbr01,SF,22,SAC,10,0,100,9,29,0.31,3,15,0.2,6,14,0.429,0.362,5,6,0.833,7,14,21,3,2,4,4,7,26
82,Jose Calderon\caldejo01,PG,36,CLE,57,32,914,93,185,0.503,45,97,0.464,48,88,0.545,0.624,24,30,0.8,14,70,84,117,27,2,41,81,255
83,Kentavious Caldwell-Pope\caldwke01,SG,24,LAL,74,74,2458,340,798,0.426,159,415,0.383,181,383,0.473,0.526,153,194,0.789,60,327,387,162,106,16,97,145,992
84,Isaiah Canaan\canaais01,PG-SG,26,TOT,20,1,422,52,137,0.38,22,66,0.333,30,71,0.423,0.46,46,51,0.902,6,39,45,76,16,1,29,36,172
84,Isaiah Canaan\canaais01,SG,26,HOU,1,0,4,0,1,0,0,0,,0,1,0,0,0,0,,0,1,1,0,0,0,0,0,0
84,Isaiah Canaan\canaais01,PG,26,PHO,19,1,418,52,136,0.382,22,66,0.333,30,70,0.429,0.463,46,51,0.902,6,38,44,76,16,1,29,36,172
85,Clint Capela\capelca01,C,23,HOU,74,74,2034,441,676,0.652,0,1,0,441,675,0.653,0.652,144,257,0.56,241,561,802,68,58,137,103,185,1026
86,DeMarre Carroll\carrode01,SF,31,BRK,73,73,2180,325,785,0.414,145,391,0.371,180,394,0.457,0.506,188,246,0.764,105,374,479,147,59,30,103,165,983
87,Vince Carter\cartevi01,SF,41,SAC,58,5,1026,114,283,0.403,57,165,0.345,57,118,0.483,0.504,28,37,0.757,18,130,148,69,42,26,36,96,313
88,Michael Carter-Williams\cartemi01,PG,26,CHO,52,2,835,76,229,0.332,14,59,0.237,62,170,0.365,0.362,73,89,0.82,37,101,138,116,44,23,52,99,239
89,Alex Caruso\carusal01,PG,23,LAL,37,7,562,50,116,0.431,13,43,0.302,37,73,0.507,0.487,21,30,0.7,15,50,65,75,23,10,42,52,134
90,Omri Casspi\casspom01,SF,29,GSW,53,7,740,120,207,0.58,10,22,0.455,110,185,0.595,0.604,50,69,0.725,30,170,200,51,18,19,37,71,300
91,Willie Cauley-Stein\caulewi01,C,24,SAC,73,58,2044,388,773,0.502,3,12,0.25,385,761,0.506,0.504,153,247,0.619,131,379,510,172,77,67,109,185,932
92,Tyler Cavanaugh\cavanty01,PF,23,ATL,39,1,518,67,152,0.441,32,89,0.36,35,63,0.556,0.546,17,21,0.81,45,82,127,27,9,4,14,61,183
93,Mario Chalmers\chalmma01,PG,31,MEM,66,10,1421,168,443,0.379,53,191,0.277,115,252,0.456,0.439,118,138,0.855,13,144,157,197,79,14,117,179,507
94,Tyson Chandler\chandty01,C,35,PHO,46,46,1151,121,187,0.647,0,0,,121,187,0.647,0.647,58,93,0.624,134,284,418,53,16,27,59,106,300
95,Wilson Chandler\chandwi01,SF,30,DEN,74,71,2346,281,631,0.445,88,246,0.358,193,385,0.501,0.515,88,114,0.772,102,296,398,159,43,39,92,156,738
96,Marquese Chriss\chrisma01,PF,20,PHO,72,49,1527,202,477,0.423,56,190,0.295,146,287,0.509,0.482,96,158,0.608,76,319,395,83,51,70,107,205,556
97,Ian Clark\clarkia01,SG,26,NOP,74,2,1455,222,495,0.448,62,195,0.318,160,300,0.533,0.511,45,59,0.763,10,117,127,110,33,10,57,120,551
98,Jordan Clarkson\clarkjo01,SG,25,TOT,81,2,1888,430,954,0.451,112,318,0.352,318,636,0.5,0.509,152,190,0.8,57,160,217,221,58,6,127,107,1124
98,Jordan Clarkson\clarkjo01,SG,25,LAL,53,2,1256,299,667,0.448,68,210,0.324,231,457,0.505,0.499,105,132,0.795,44,115,159,173,39,3,95,63,771
98,Jordan Clarkson\clarkjo01,SG,25,CLE,28,0,632,131,287,0.456,44,108,0.407,87,179,0.486,0.533,47,58,0.81,13,45,58,48,19,3,32,44,353
99,Gian Clavell\clavegi01,SG,24,DAL,7,0,64,6,18,0.333,6,15,0.4,0,3,0,0.5,2,2,1,1,6,7,3,2,0,2,8,20
100,Antonius Cleveland\clevean01,SG,23,TOT,17,0,123,8,21,0.381,3,4,0.75,5,17,0.294,0.452,4,6,0.667,3,11,14,2,7,5,7,23,23
100,Antonius Cleveland\clevean01,SG,23,DAL,13,0,81,4,14,0.286,0,1,0,4,13,0.308,0.286,2,4,0.5,2,8,10,2,6,4,2,11,10
100,Antonius Cleveland\clevean01,SG,23,ATL,4,0,42,4,7,0.571,3,3,1,1,4,0.25,0.786,2,2,1,1,3,4,0,1,1,5,12,13
101,John Collins\collijo01,PF,20,ATL,74,26,1785,314,545,0.576,16,47,0.34,298,498,0.598,0.591,133,186,0.715,176,365,541,98,47,80,105,215,777
102,Zach Collins\colliza01,C,20,POR,66,1,1045,115,289,0.398,35,113,0.31,80,176,0.455,0.458,27,42,0.643,45,176,221,52,17,31,58,133,292
103,Kyle Collinsworth\colliky01,SF,26,DAL,32,2,480,38,99,0.384,4,17,0.235,34,82,0.415,0.404,21,40,0.525,32,75,107,56,17,9,24,44,101
104,Darren Collison\collida01,PG,30,IND,69,64,2018,316,638,0.495,96,205,0.468,220,433,0.508,0.571,127,144,0.882,37,141,178,368,92,15,86,122,855
105,Nick Collison\collini01,PF,37,OKC,15,0,75,13,19,0.684,0,0,,13,19,0.684,0.684,5,13,0.385,7,13,20,4,0,0,7,7,31
106,Mike Conley\conlemi01,PG,30,MEM,12,12,373,64,168,0.381,24,77,0.312,40,91,0.44,0.452,53,66,0.803,0,27,27,49,12,3,18,24,205
107,Pat Connaughton\connapa01,SG,25,POR,82,5,1488,165,390,0.423,74,210,0.352,91,180,0.506,0.518,37,44,0.841,36,125,161,91,23,22,43,120,441
108,Quinn Cook\cookqu01,PG,24,GSW,33,18,740,122,252,0.484,46,104,0.442,76,148,0.514,0.575,22,25,0.88,10,72,82,89,12,1,32,59,312
109,Charles Cooke\cookech01,SG,23,NOP,13,0,38,2,14,0.143,1,8,0.125,1,6,0.167,0.179,1,2,0.5,0,2,2,1,1,0,1,0,6
110,Jack Cooley\cooleja01,PF,26,SAC,7,0,87,13,27,0.481,0,0,,13,27,0.481,0.481,14,19,0.737,14,16,30,6,1,0,3,13,40
111,Matt Costello\costema01,C,24,SAS,4,0,32,2,4,0.5,0,0,,2,4,0.5,0.5,0,0,,1,8,9,2,2,2,1,7,4
112,DeMarcus Cousins\couside01,C,27,NOP,48,48,1737,406,864,0.47,104,294,0.354,302,570,0.53,0.53,294,394,0.746,105,512,617,257,79,76,242,183,1210
113,Robert Covington\covinro01,SF,27,PHI,80,80,2532,345,836,0.413,203,550,0.369,142,286,0.497,0.534,116,136,0.853,55,378,433,156,137,72,126,238,1009
114,Allen Crabbe\crabbal01,SG,25,BRK,75,68,2197,337,827,0.407,201,532,0.378,136,295,0.461,0.529,115,135,0.852,28,296,324,117,47,35,78,168,990
115,Torrey Craig\craigto01,SF,27,DEN,39,5,629,62,137,0.453,17,58,0.293,45,79,0.57,0.515,22,35,0.629,40,87,127,25,12,15,20,63,163
116,Jamal Crawford\crawfja01,SG,37,MIN,80,0,1653,308,742,0.415,104,314,0.331,204,428,0.477,0.485,102,113,0.903,21,78,99,185,40,9,95,85,822
117,Jordan Crawford\crawfjo02,SG,29,NOP,5,0,53,12,27,0.444,8,14,0.571,4,13,0.308,0.593,1,1,1,2,2,4,13,1,1,5,7,33
118,Jae Crowder\crowdja01,SF,27,TOT,80,47,2090,271,671,0.404,110,341,0.323,161,330,0.488,0.486,121,148,0.818,59,216,275,99,64,21,74,187,773
118,Jae Crowder\crowdja01,SF,27,CLE,53,47,1346,157,376,0.418,62,189,0.328,95,187,0.508,0.5,78,92,0.848,41,132,173,58,41,12,42,124,454
118,Jae Crowder\crowdja01,SF,27,UTA,27,0,744,114,295,0.386,48,152,0.316,66,143,0.462,0.468,43,56,0.768,18,84,102,41,23,9,32,63,319
119,Dante Cunningham\cunnida01,SF,30,TOT,73,25,1562,164,364,0.451,58,168,0.345,106,196,0.541,0.53,31,52,0.596,78,220,298,48,39,30,33,111,417
119,Dante Cunningham\cunnida01,SF,30,NOP,51,24,1115,99,225,0.44,35,108,0.324,64,117,0.547,0.518,20,36,0.556,50,143,193,26,27,16,16,75,253
119,Dante Cunningham\cunnida01,SF,30,BRK,22,1,447,65,139,0.468,23,60,0.383,42,79,0.532,0.55,11,16,0.688,28,77,105,22,12,14,17,36,164
120,Stephen Curry\curryst01,PG,29,GSW,51,51,1631,428,864,0.495,212,501,0.423,216,363,0.595,0.618,278,302,0.921,36,225,261,310,80,8,153,114,1346
121,Troy Daniels\danietr01,SG,26,PHO,79,15,1622,232,575,0.403,183,458,0.4,49,117,0.419,0.563,56,64,0.875,12,115,127,48,26,5,56,137,703
122,Anthony Davis\davisan02,PF,24,NOP,75,75,2727,780,1462,0.534,55,162,0.34,725,1300,0.558,0.552,495,598,0.828,187,645,832,174,115,193,162,159,2110
123,Deyonta Davis\davisde01,C,21,MEM,62,6,943,161,265,0.608,0,0,,161,265,0.608,0.608,38,57,0.667,75,175,250,40,15,39,32,125,360
124,Ed Davis\davised01,C,28,POR,78,0,1471,170,292,0.582,0,1,0,170,291,0.584,0.582,74,111,0.667,183,392,575,40,32,52,66,188,414
125,Dewayne Dedmon\dedmode01,C,28,ATL,62,46,1542,250,477,0.524,50,141,0.355,200,336,0.595,0.577,67,86,0.779,100,389,489,90,40,51,86,162,617
126,Sam Dekker\dekkesa01,PF,23,LAC,73,1,883,128,259,0.494,10,60,0.167,118,199,0.593,0.514,37,56,0.661,44,130,174,38,24,9,33,71,303
127,Malcolm Delaney\delanma01,PG,28,ATL,54,3,1014,109,285,0.382,46,124,0.371,63,161,0.391,0.463,74,92,0.804,9,91,100,163,35,6,66,82,338
128,Matthew Dellavedova\dellama01,PG,27,MIL,38,3,712,55,152,0.362,29,78,0.372,26,74,0.351,0.457,25,27,0.926,14,50,64,145,14,0,49,67,164
129,Luol Deng\denglu01,SF,32,LAL,1,1,13,1,2,0.5,0,0,,1,2,0.5,0.5,0,0,,0,0,0,1,1,0,1,0,2
130,DeMar DeRozan\derozde01,SG,28,TOR,80,80,2711,645,1413,0.456,89,287,0.31,556,1126,0.494,0.488,461,559,0.825,59,256,315,417,85,22,175,151,1840
131,Cheick Diallo\diallch01,PF,21,NOP,52,0,581,102,176,0.58,0,0,,102,176,0.58,0.58,50,66,0.758,47,164,211,19,11,21,28,82,254
132,Gorgui Dieng\dienggo01,C,28,MIN,79,0,1333,186,388,0.479,19,61,0.311,167,327,0.511,0.504,79,102,0.775,106,254,360,71,45,39,59,147,470
133,Spencer Dinwiddie\dinwisp01,PG,24,BRK,80,58,2306,324,838,0.387,141,433,0.326,183,405,0.452,0.471,218,268,0.813,40,219,259,524,68,23,128,186,1007
134,Tyler Dorsey\dorsety01,SG,21,ATL,56,5,974,144,382,0.377,72,199,0.362,72,183,0.393,0.471,45,63,0.714,17,113,130,79,17,5,37,63,405
135,Damyean Dotson\dotsoda01,SG,23,NYK,44,2,474,72,161,0.447,22,68,0.324,50,93,0.538,0.516,16,23,0.696,9,75,84,31,12,2,17,34,182
136,Milton Doyle\doylemi01,SG,24,BRK,10,0,125,13,47,0.277,4,23,0.174,9,24,0.375,0.319,4,8,0.5,3,15,18,10,6,2,2,13,34
137,PJ Dozier\doziepj01,PG,21,OKC,2,0,3,1,2,0.5,0,0,,1,2,0.5,0.5,0,0,,0,1,1,0,0,0,1,1,2
138,Goran Dragic\dragigo01,PG,31,MIA,75,75,2378,484,1075,0.45,111,300,0.37,373,775,0.481,0.502,217,271,0.801,54,253,307,359,63,12,166,180,1296
139,Larry Drew\drewla02,PG,27,TOT,10,0,70,7,24,0.292,3,9,0.333,4,15,0.267,0.354,0,0,,3,0,3,10,0,0,3,6,17
139,Larry Drew\drewla02,PG,27,PHI,3,0,15,1,7,0.143,0,3,0,1,4,0.25,0.143,0,0,,1,0,1,2,0,0,1,2,2
139,Larry Drew\drewla02,PG,27,NOP,7,0,55,6,17,0.353,3,6,0.5,3,11,0.273,0.441,0,0,,2,0,2,8,0,0,2,4,15
140,Andre Drummond\drumman01,C,24,DET,78,78,2625,466,881,0.529,0,11,0,466,870,0.536,0.529,239,395,0.605,399,848,1247,237,114,127,200,250,1171
141,Jared Dudley\dudleja01,PF,32,PHO,48,0,686,48,122,0.393,29,80,0.363,19,42,0.452,0.512,27,35,0.771,8,86,94,78,24,11,28,85,152
142,Kris Dunn\dunnkr01,PG,23,CHI,52,43,1525,286,666,0.429,43,134,0.321,243,532,0.457,0.462,84,114,0.737,24,197,221,310,104,27,150,174,699
143,Kevin Durant\duranke01,PF,29,GSW,68,68,2325,630,1222,0.516,173,413,0.419,457,809,0.565,0.586,359,404,0.889,31,433,464,366,50,119,207,133,1792
144,Jarell Eddie\eddieja01,SF,26,TOT,3,0,9,0,2,0,0,2,0,0,0,,0,0,0,,0,1,1,0,1,0,0,0,0
144,Jarell Eddie\eddieja01,SF,26,BOS,2,0,6,0,1,0,0,1,0,0,0,,0,0,0,,0,1,1,0,1,0,0,0,0
144,Jarell Eddie\eddieja01,SF,26,CHI,1,0,3,0,1,0,0,1,0,0,0,,0,0,0,,0,0,0,0,0,0,0,0,0
145,Henry Ellenson\ellenhe01,PF,21,DET,38,0,329,53,146,0.363,20,60,0.333,33,86,0.384,0.432,25,29,0.862,10,71,81,20,5,0,18,22,151
146,Wayne Ellington\ellinwa01,SG,30,MIA,77,2,2041,285,700,0.407,227,579,0.392,58,121,0.479,0.569,67,78,0.859,23,195,218,79,53,8,52,94,864
147,Joel Embiid\embiijo01,C,23,PHI,63,63,1912,510,1056,0.483,66,214,0.308,444,842,0.527,0.514,359,467,0.769,143,547,690,199,40,111,234,209,1445
148,James Ennis\ennisja01,SF,27,TOT,72,22,1604,182,384,0.474,51,153,0.333,131,231,0.567,0.54,97,116,0.836,73,151,224,71,47,18,56,134,512
148,James Ennis\ennisja01,SF,27,MEM,45,14,1053,108,222,0.486,30,84,0.357,78,138,0.565,0.554,64,73,0.877,53,104,157,49,32,12,38,81,310
148,James Ennis\ennisja01,SF,27,DET,27,8,551,74,162,0.457,21,69,0.304,53,93,0.57,0.522,33,43,0.767,20,47,67,22,15,6,18,53,202
149,Tyler Ennis\ennisty01,PG,23,LAL,54,11,683,94,224,0.42,14,56,0.25,80,168,0.476,0.451,22,29,0.759,19,76,95,105,30,10,38,75,224
150,Jawun Evans\evansja01,PG,21,LAC,48,4,778,89,253,0.352,15,54,0.278,74,199,0.372,0.381,38,49,0.776,9,75,84,100,36,6,44,97,231
151,Jeremy Evans\evansje01,SF,30,ATL,1,0,5,1,1,1,0,0,,1,1,1,1,0,0,,1,0,1,0,0,0,1,1,2
152,Tyreke Evans\evansty01,PG,28,MEM,52,32,1607,366,809,0.452,114,286,0.399,252,523,0.482,0.523,164,209,0.785,44,221,265,269,57,17,117,96,1010
153,Dante Exum\exumda01,PG,22,UTA,14,0,235,42,87,0.483,5,18,0.278,37,69,0.536,0.511,25,31,0.806,4,22,26,43,8,3,20,20,114
154,Kenneth Faried\farieke01,PF,28,DEN,32,7,461,76,148,0.514,0,1,0,76,147,0.517,0.514,36,51,0.706,68,85,153,18,12,13,23,51,188
155,Derrick Favors\favorde01,C,26,UTA,77,77,2153,395,702,0.563,14,63,0.222,381,639,0.596,0.573,140,215,0.651,198,354,552,102,54,82,88,164,944
156,Kay Felder\feldeka01,PG,22,TOT,16,0,140,21,70,0.3,4,19,0.211,17,51,0.333,0.329,11,12,0.917,3,15,18,20,3,1,16,11,57
156,Kay Felder\feldeka01,PG,22,CHI,14,0,134,20,66,0.303,4,18,0.222,16,48,0.333,0.333,11,12,0.917,1,13,14,20,3,1,15,11,55
156,Kay Felder\feldeka01,PG,22,DET,2,0,6,1,4,0.25,0,1,0,1,3,0.333,0.25,0,0,,2,2,4,0,0,0,1,0,2
157,Cristiano Felicio\feliccr01,C,25,CHI,55,16,977,127,215,0.591,0,2,0,127,213,0.596,0.591,54,81,0.667,83,150,233,55,16,11,54,104,308
158,Raymond Felton\feltora01,PG,33,OKC,82,2,1365,224,552,0.406,81,230,0.352,143,322,0.444,0.479,36,44,0.818,25,131,156,203,49,16,76,91,565
159,Terrance Ferguson\fergute01,SG,19,OKC,61,12,763,70,169,0.414,40,120,0.333,30,49,0.612,0.533,9,10,0.9,19,28,47,19,24,10,11,83,189
160,Yogi Ferrell\ferreyo01,SG,24,DAL,82,21,2282,311,730,0.426,134,359,0.373,177,371,0.477,0.518,82,103,0.796,26,223,249,201,64,9,78,153,838
161,Dorian Finney-Smith\finnedo01,PF,24,DAL,21,13,448,46,121,0.38,20,67,0.299,26,54,0.481,0.463,11,15,0.733,22,53,75,26,10,4,21,43,123
162,Bryn Forbes\forbebr01,SG,24,SAS,80,12,1517,209,497,0.421,89,228,0.39,120,269,0.446,0.51,48,72,0.667,12,98,110,80,28,2,37,108,555
163,Evan Fournier\fournev01,SF,25,ORL,57,57,1837,368,802,0.459,127,335,0.379,241,467,0.516,0.538,150,173,0.867,23,157,180,165,47,16,95,138,1013
164,De'Aaron Fox\foxde01,PG,20,SAC,73,60,2026,328,797,0.412,47,153,0.307,281,644,0.436,0.441,141,195,0.723,33,171,204,320,70,20,173,163,844
165,Tim Frazier\fraziti01,PG,27,WAS,59,11,838,68,172,0.395,17,56,0.304,51,116,0.44,0.445,23,30,0.767,18,97,115,194,47,7,57,97,176
166,Channing Frye\fryech01,C,34,TOT,53,1,695,104,212,0.491,39,115,0.339,65,97,0.67,0.583,17,19,0.895,12,123,135,38,18,13,21,69,264
166,Channing Frye\fryech01,C,34,CLE,44,1,545,84,169,0.497,30,90,0.333,54,79,0.684,0.586,14,15,0.933,10,100,110,28,17,12,17,54,212
166,Channing Frye\fryech01,C,34,LAL,9,0,150,20,43,0.465,9,25,0.36,11,18,0.611,0.57,3,4,0.75,2,23,25,10,1,1,4,15,52
167,Markelle Fultz\fultzma01,SG,19,PHI,14,0,253,45,111,0.405,0,1,0,45,110,0.409,0.405,10,21,0.476,11,32,43,53,12,4,17,22,100
168,Danilo Gallinari\gallida01,SF,29,LAC,21,21,671,102,256,0.398,36,111,0.324,66,145,0.455,0.469,81,87,0.931,9,92,101,41,12,10,26,30,321
169,Langston Galloway\gallola01,SG,26,DET,58,2,863,126,340,0.371,75,218,0.344,51,122,0.418,0.481,33,41,0.805,13,79,92,58,35,5,18,39,360
170,Marc Gasol\gasolma01,C,33,MEM,73,73,2408,434,1033,0.42,109,320,0.341,325,713,0.456,0.473,281,337,0.834,78,514,592,305,54,101,194,185,1258
171,Pau Gasol\gasolpa01,C,37,SAS,77,63,1812,287,627,0.458,43,120,0.358,244,507,0.481,0.492,158,209,0.756,129,490,619,238,24,79,108,121,775
172,Rudy Gay\gayru01,PF,31,SAS,57,6,1231,253,537,0.471,37,118,0.314,216,419,0.516,0.506,112,145,0.772,76,215,291,73,46,38,78,98,655
173,Paul George\georgpa01,SF,27,OKC,79,79,2891,576,1340,0.43,244,609,0.401,332,731,0.454,0.521,338,411,0.822,72,375,447,263,161,39,212,233,1734
174,Marcus Georges-Hunt\georgma01,SG,23,MIN,42,0,224,21,48,0.438,4,15,0.267,17,33,0.515,0.479,13,21,0.619,7,9,16,7,6,0,3,32,59
175,Jonathan Gibson\gibsojo01,PG,30,BOS,4,0,40,14,23,0.609,6,12,0.5,8,11,0.727,0.739,0,0,,0,3,3,4,0,0,3,5,34
176,Taj Gibson\gibsota01,PF,32,MIN,82,82,2726,425,737,0.577,7,35,0.2,418,702,0.595,0.581,142,185,0.768,194,390,584,99,62,59,89,218,999
177,Manu Ginobili\ginobma01,SG,40,SAS,65,0,1299,201,463,0.434,64,192,0.333,137,271,0.506,0.503,110,131,0.84,19,123,142,163,43,16,105,126,576
178,Rudy Gobert\goberru01,C,25,UTA,56,56,1816,276,444,0.622,0,0,,276,444,0.622,0.622,204,299,0.682,165,436,601,80,44,129,107,153,756
179,Aaron Gordon\gordoaa01,PF,22,ORL,58,57,1909,375,865,0.434,115,342,0.336,260,523,0.497,0.5,157,225,0.698,87,370,457,136,59,45,107,111,1022
180,Eric Gordon\gordoer01,SG,29,HOU,69,30,2154,415,970,0.428,218,608,0.359,197,362,0.544,0.54,195,241,0.809,25,145,170,154,44,27,130,116,1243
181,Marcin Gortat\gortama01,C,33,WAS,82,82,2075,290,560,0.518,0,0,,290,560,0.518,0.518,110,163,0.675,181,442,623,151,40,61,99,175,690
182,Treveon Graham\grahatr01,SG,24,CHO,63,2,1050,96,221,0.434,40,97,0.412,56,124,0.452,0.525,41,59,0.695,42,79,121,59,33,2,27,109,273
183,Jerami Grant\grantje01,PF,23,OKC,81,1,1647,244,456,0.535,32,110,0.291,212,346,0.613,0.57,162,240,0.675,86,233,319,57,31,77,54,155,682
184,Jerian Grant\grantje02,PG,25,CHI,74,26,1686,209,503,0.416,61,187,0.326,148,316,0.468,0.476,140,188,0.745,31,141,172,342,63,8,89,132,619
185,Josh Gray\grayjo01,PG,24,PHO,5,0,86,11,41,0.268,3,13,0.231,8,28,0.286,0.305,7,11,0.636,2,8,10,12,8,2,7,8,32
186,Danny Green\greenda02,SG,30,SAS,70,60,1791,217,561,0.387,116,320,0.363,101,241,0.419,0.49,50,65,0.769,41,208,249,110,63,80,74,122,600
187,Draymond Green\greendr01,PF,27,GSW,70,70,2287,281,619,0.454,77,256,0.301,204,363,0.562,0.516,134,173,0.775,75,460,535,508,95,91,202,185,773
188,Gerald Green\greenge01,SG,32,HOU,41,2,929,168,413,0.407,110,298,0.369,58,115,0.504,0.54,51,60,0.85,15,118,133,25,24,15,31,87,497
189,JaMychal Green\greenja01,PF,27,MEM,55,54,1542,223,488,0.457,43,127,0.339,180,361,0.499,0.501,80,111,0.721,147,317,464,79,32,25,76,153,569
190,Jeff Green\greenje02,PF,31,CLE,78,13,1828,295,618,0.477,53,170,0.312,242,448,0.54,0.52,203,234,0.868,60,186,246,99,41,34,75,149,846
191,Blake Griffin\griffbl01,PF,28,TOT,58,58,1970,436,996,0.438,111,322,0.345,325,674,0.482,0.493,259,330,0.785,73,355,428,334,41,18,165,139,1242
191,Blake Griffin\griffbl01,PF,28,LAC,33,33,1139,255,578,0.441,64,187,0.342,191,391,0.488,0.497,172,219,0.785,46,216,262,179,30,9,99,78,746
191,Blake Griffin\griffbl01,PF,28,DET,25,25,831,181,418,0.433,47,135,0.348,134,283,0.473,0.489,87,111,0.784,27,139,166,155,11,9,66,61,496
192,Daniel Hamilton\hamilda02,SG,22,OKC,6,0,28,5,11,0.455,2,5,0.4,3,6,0.5,0.545,0,0,,0,5,5,8,1,0,2,2,12
193,Tim Hardaway\hardati02,SG,25,NYK,57,54,1885,360,856,0.421,130,410,0.317,230,446,0.516,0.496,146,179,0.816,32,192,224,155,62,10,92,123,996
194,James Harden\hardeja01,SG,28,HOU,72,72,2551,651,1449,0.449,265,722,0.367,386,727,0.531,0.541,624,727,0.858,41,348,389,630,126,50,315,169,2191
195,Maurice Harkless\harklma01,SF,24,POR,59,36,1264,147,297,0.495,49,118,0.415,98,179,0.547,0.577,42,59,0.712,46,116,162,53,48,43,40,103,385
196,Montrezl Harrell\harremo01,C,24,LAC,76,3,1293,348,548,0.635,1,7,0.143,347,541,0.641,0.636,139,222,0.626,103,203,306,74,36,52,68,143,836
197,Devin Harris\harride01,PG,34,TOT,71,1,1340,187,454,0.412,79,227,0.348,108,227,0.476,0.499,142,170,0.835,12,115,127,152,47,12,76,158,595
197,Devin Harris\harride01,PG,34,DAL,44,1,807,118,284,0.415,44,125,0.352,74,159,0.465,0.493,93,112,0.83,9,76,85,85,33,8,49,103,373
197,Devin Harris\harride01,PG,34,DEN,27,0,533,69,170,0.406,35,102,0.343,34,68,0.5,0.509,49,58,0.845,3,39,42,67,14,4,27,55,222
198,Gary Harris\harriga01,SG,23,DEN,67,65,2304,440,908,0.485,156,394,0.396,284,514,0.553,0.57,134,162,0.827,37,139,176,194,122,15,119,119,1170
199,Joe Harris\harrijo01,SG,26,BRK,78,14,1975,305,621,0.491,150,358,0.419,155,263,0.589,0.612,86,104,0.827,51,209,260,128,35,20,91,153,846
200,Tobias Harris\harrito02,PF,25,TOT,80,80,2668,562,1221,0.46,183,445,0.411,379,776,0.488,0.535,179,216,0.829,58,379,437,192,71,35,105,164,1486
200,Tobias Harris\harrito02,PF,25,DET,48,48,1563,320,709,0.451,113,276,0.409,207,433,0.478,0.531,115,136,0.846,36,208,244,94,34,15,51,91,868
200,Tobias Harris\harrito02,PF,25,LAC,32,32,1105,242,512,0.473,70,169,0.414,172,343,0.501,0.541,64,80,0.8,22,171,193,98,37,20,54,73,618
201,Aaron Harrison\harriaa01,SG,23,DAL,9,3,233,19,69,0.275,9,43,0.209,10,26,0.385,0.341,13,17,0.765,4,20,24,11,9,2,3,27,60
202,Andrew Harrison\harrian01,PG,23,MEM,56,46,1326,181,429,0.422,47,142,0.331,134,287,0.467,0.477,124,159,0.78,23,108,131,177,38,26,81,138,533
203,Shaquille Harrison\harrish01,PG,24,PHO,23,2,384,59,124,0.476,6,26,0.231,53,98,0.541,0.5,28,38,0.737,9,52,61,55,26,7,22,42,152
204,Josh Hart\hartjo01,SG,22,LAL,63,23,1461,176,375,0.469,78,197,0.396,98,178,0.551,0.573,66,94,0.702,42,221,263,80,47,16,47,107,496
205,Udonis Haslem\hasleud01,C,37,MIA,14,0,72,3,15,0.2,1,8,0.125,2,7,0.286,0.233,1,2,0.5,3,7,10,5,0,2,2,3,8
206,Nigel Hayes\hayesni01,SF,23,TOT,9,0,122,11,33,0.333,4,16,0.25,7,17,0.412,0.394,1,3,0.333,4,18,22,6,2,3,2,8,27
206,Nigel Hayes\hayesni01,SF,23,LAL,2,0,11,1,3,0.333,0,2,0,1,1,1,0.333,1,1,1,0,0,0,2,0,0,0,0,3
206,Nigel Hayes\hayesni01,SF,23,TOR,2,0,6,2,2,1,2,2,1,0,0,,1.5,0,0,,0,0,0,0,0,0,1,0,6
206,Nigel Hayes\hayesni01,SF,23,SAC,5,0,105,8,28,0.286,2,12,0.167,6,16,0.375,0.321,0,2,0,4,18,22,4,2,3,1,8,18
207,Gordon Hayward\haywago01,SF,27,BOS,1,1,5,1,2,0.5,0,1,0,1,1,1,0.5,0,0,,0,1,1,0,0,0,0,1,2
208,Reggie Hearn\hearnre01,SG,26,DET,3,0,7,1,2,0.5,1,2,0.5,0,0,,0.75,0,0,,0,0,0,0,0,0,0,0,3
209,Myke Henry\henrymy01,SF,25,MEM,20,0,378,41,109,0.376,19,58,0.328,22,51,0.431,0.463,6,10,0.6,10,28,38,22,31,6,19,28,107
210,John Henson\hensojo01,C,27,MIL,76,69,1970,287,502,0.572,1,7,0.143,286,495,0.578,0.573,90,158,0.57,150,363,513,114,45,109,84,202,665
211,Juan Hernangomez\hernaju01,PF,22,DEN,25,3,277,29,75,0.387,14,50,0.28,15,25,0.6,0.48,10,12,0.833,18,36,54,12,6,3,9,25,82
212,Willy Hernangomez\hernawi01,C,23,TOT,48,1,495,91,164,0.555,5,12,0.417,86,152,0.566,0.57,59,90,0.656,61,122,183,33,18,16,35,64,246
212,Willy Hernangomez\hernawi01,C,23,NYK,26,0,233,49,81,0.605,1,5,0.2,48,76,0.632,0.611,12,28,0.429,22,45,67,21,8,7,26,32,111
212,Willy Hernangomez\hernawi01,C,23,CHO,22,1,262,42,83,0.506,4,7,0.571,38,76,0.5,0.53,47,62,0.758,39,77,116,12,10,9,9,32,135
213,Mario Hezonja\hezonma01,SF,22,ORL,75,30,1657,273,617,0.442,90,267,0.337,183,350,0.523,0.515,86,105,0.819,41,240,281,106,81,31,86,134,722
214,Isaiah Hicks\hicksis01,PF,23,NYK,18,0,240,33,72,0.458,2,9,0.222,31,63,0.492,0.472,12,18,0.667,10,31,41,16,2,4,16,45,80
215,Buddy Hield\hieldbu01,SG,24,SAC,80,12,2024,416,933,0.446,176,408,0.431,240,525,0.457,0.54,71,81,0.877,55,252,307,155,85,22,124,148,1079
216,Nene Hilario\hilarne01,C,35,HOU,52,4,758,136,239,0.569,0,2,0,136,237,0.574,0.569,68,107,0.636,54,122,176,45,28,14,38,123,340
217,George Hill\hillge01,PG,31,TOT,67,60,1812,236,513,0.46,85,205,0.415,151,308,0.49,0.543,110,140,0.786,42,139,181,186,61,27,88,128,667
217,George Hill\hillge01,PG,31,SAC,43,36,1143,153,326,0.469,58,128,0.453,95,198,0.48,0.558,77,99,0.778,22,95,117,119,39,12,60,75,441
217,George Hill\hillge01,PG,31,CLE,24,24,669,83,187,0.444,27,77,0.351,56,110,0.509,0.516,33,41,0.805,20,44,64,67,22,15,28,53,226
218,Solomon Hill\hillso01,SF,26,NOP,12,1,187,11,41,0.268,4,21,0.19,7,20,0.35,0.317,3,6,0.5,9,27,36,22,7,1,9,22,29
219,Darrun Hilliard\hillida01,SG,24,SAS,14,0,95,5,19,0.263,0,6,0,5,13,0.385,0.263,6,7,0.857,0,7,7,11,2,0,4,7,16
220,Jrue Holiday\holidjr01,SG,27,NOP,81,81,2927,615,1244,0.494,120,356,0.337,495,888,0.557,0.543,187,238,0.786,62,303,365,486,123,64,213,201,1537
221,Justin Holiday\holidju01,SG,28,CHI,72,72,2265,290,782,0.371,161,449,0.359,129,333,0.387,0.474,135,164,0.823,31,260,291,153,80,31,93,134,876
222,John Holland\hollajo02,SF,29,CLE,24,0,174,17,59,0.288,11,36,0.306,6,23,0.261,0.381,9,13,0.692,6,18,24,5,7,2,8,10,54
223,Rondae Hollis-Jefferson\holliro01,SF,23,BRK,68,59,1920,342,724,0.472,13,54,0.241,329,670,0.491,0.481,249,316,0.788,101,358,459,167,65,48,121,145,946
224,Richaun Holmes\holmeri01,C,24,PHI,48,2,746,135,241,0.56,4,31,0.129,131,210,0.624,0.568,37,56,0.661,57,154,211,61,20,29,25,97,311
225,Rodney Hood\hoodro01,SG,25,TOT,60,23,1616,322,751,0.429,127,333,0.381,195,418,0.467,0.513,111,129,0.86,22,143,165,95,45,12,70,105,882
225,Rodney Hood\hoodro01,SG,25,UTA,39,12,1084,234,552,0.424,102,262,0.389,132,290,0.455,0.516,85,97,0.876,14,97,111,65,30,7,63,64,655
225,Rodney Hood\hoodro01,SG,25,CLE,21,11,532,88,199,0.442,25,71,0.352,63,128,0.492,0.505,26,32,0.813,8,46,54,30,15,5,7,41,227
226,Scotty Hopson\hopsosc01,SG,28,DAL,1,0,8,0,1,0,0,0,,0,1,0,0,1,2,0.5,0,0,0,1,0,0,1,0,1
227,Al Horford\horfoal01,C,31,BOS,72,72,2277,368,753,0.489,97,226,0.429,271,527,0.514,0.553,94,120,0.783,103,427,530,339,43,78,132,138,927
228,Danuel House\houseda01,SG,24,PHO,23,3,403,56,129,0.434,15,58,0.259,41,71,0.577,0.492,25,31,0.806,13,63,76,25,7,6,11,23,152
229,Dwight Howard\howardw01,C,32,CHO,81,81,2463,506,911,0.555,1,7,0.143,505,904,0.559,0.556,334,582,0.574,255,757,1012,105,48,131,208,249,1347
230,Josh Huestis\huestjo01,PF,26,OKC,69,10,982,60,182,0.33,33,115,0.287,27,67,0.403,0.42,6,20,0.3,42,119,161,20,15,43,26,82,159
231,R.J. Hunter\hunterj01,SG,24,HOU,5,1,45,7,20,0.35,3,14,0.214,4,6,0.667,0.425,2,2,1,0,5,5,3,3,0,2,7,19
232,Vince Hunter\huntevi01,PF,23,MEM,4,0,7,3,5,0.6,0,0,,3,5,0.6,0.6,0,0,,2,1,3,0,0,1,1,0,6
233,Serge Ibaka\ibakase01,PF,28,TOR,76,76,2093,379,784,0.483,107,297,0.36,272,487,0.559,0.552,94,118,0.797,78,400,478,62,29,99,90,209,959
234,Andre Iguodala\iguodan01,SF,34,GSW,64,7,1622,148,320,0.463,33,117,0.282,115,203,0.567,0.514,55,87,0.632,50,196,246,210,54,38,67,99,384
235,Ersan Ilyasova\ilyaser01,PF,30,TOT,69,43,1729,277,613,0.452,91,253,0.36,186,360,0.517,0.526,105,135,0.778,118,287,405,90,61,26,72,157,750
235,Ersan Ilyasova\ilyaser01,PF,30,ATL,46,40,1175,184,401,0.459,61,170,0.359,123,231,0.532,0.535,72,90,0.8,74,177,251,51,44,17,43,92,501
235,Ersan Ilyasova\ilyaser01,PF,30,PHI,23,3,554,93,212,0.439,30,83,0.361,63,129,0.488,0.509,33,45,0.733,44,110,154,39,17,9,29,65,249
236,Joe Ingles\inglejo01,SF,30,UTA,82,81,2578,335,718,0.467,204,464,0.44,131,254,0.516,0.609,66,83,0.795,24,320,344,392,90,20,159,178,940
237,Andre Ingram\ingraan01,SG,32,LAL,2,0,64,8,17,0.471,5,9,0.556,3,8,0.375,0.618,3,3,1,1,5,6,7,3,3,3,3,24
238,Brandon Ingram\ingrabr01,SF,20,LAL,59,59,1975,358,761,0.47,41,105,0.39,317,656,0.483,0.497,192,282,0.681,57,257,314,230,45,43,149,163,949
239,Kyrie Irving\irvinky01,PG,25,BOS,60,60,1931,534,1087,0.491,166,407,0.408,368,680,0.541,0.568,232,261,0.889,33,194,227,306,65,17,140,122,1466
240,Jonathan Isaac\isaacjo01,PF,20,ORL,27,10,536,55,145,0.379,16,46,0.348,39,99,0.394,0.434,19,25,0.76,16,83,99,18,33,30,27,48,145
241,Wesley Iwundu\iwundwe01,SF,23,ORL,62,12,1020,93,218,0.427,9,46,0.196,84,172,0.488,0.447,34,47,0.723,36,101,137,57,33,12,30,81,229
242,Jarrett Jack\jackja01,PG,34,NYK,62,56,1548,189,443,0.427,25,86,0.291,164,357,0.459,0.455,63,75,0.84,22,169,191,348,35,4,115,98,466
243,Aaron Jackson\jacksaa01,PG,31,HOU,1,0,35,3,9,0.333,1,4,0.25,2,5,0.4,0.389,1,2,0.5,2,1,3,1,0,0,1,4,8
244,Demetrius Jackson\jacksde01,PG,23,TOT,15,0,80,7,18,0.389,1,7,0.143,6,11,0.545,0.417,1,2,0.5,5,7,12,9,5,1,10,7,16
244,Demetrius Jackson\jacksde01,PG,23,HOU,12,0,63,4,14,0.286,0,6,0,4,8,0.5,0.286,0,0,,4,7,11,5,4,1,9,6,8
244,Demetrius Jackson\jacksde01,PG,23,PHI,3,0,17,3,4,0.75,1,1,1,2,3,0.667,0.875,1,2,0.5,1,0,1,4,1,0,1,1,8
245,Josh Jackson\jacksjo02,SF,20,PHO,77,35,1959,389,932,0.417,57,217,0.263,332,715,0.464,0.448,177,279,0.634,95,256,351,119,80,35,146,218,1012
246,Justin Jackson\jacksju01,SF,22,SAC,68,41,1506,185,419,0.442,57,185,0.308,128,234,0.547,0.51,26,36,0.722,27,160,187,74,28,13,40,81,453
247,Reggie Jackson\jacksre01,PG,27,DET,45,45,1201,246,577,0.426,52,169,0.308,194,408,0.475,0.471,112,134,0.836,29,96,125,238,27,4,99,87,656
248,LeBron James\jamesle01,PF,33,CLE,82,82,3026,857,1580,0.542,149,406,0.367,708,1174,0.603,0.59,388,531,0.731,97,612,709,747,116,71,347,136,2251
249,Mike James\jamesmi02,PG,27,TOT,36,10,687,123,321,0.383,26,98,0.265,97,223,0.435,0.424,64,84,0.762,13,77,90,126,28,7,49,48,336
249,Mike James\jamesmi02,PG,27,PHO,32,10,669,121,312,0.388,26,97,0.268,95,215,0.442,0.429,64,84,0.762,12,77,89,120,27,7,48,45,332
249,Mike James\jamesmi02,PG,27,NOP,4,0,18,2,9,0.222,0,1,0,2,8,0.25,0.222,0,0,,1,0,1,6,1,0,1,3,4
250,Al Jefferson\jeffeal01,C,33,IND,36,1,484,111,208,0.534,0,3,0,111,205,0.541,0.534,30,36,0.833,30,113,143,30,16,23,21,66,252
251,Richard Jefferson\jefferi01,SF,37,DEN,20,0,163,12,27,0.444,2,7,0.286,10,20,0.5,0.481,4,7,0.571,2,15,17,15,2,1,5,11,30
252,Brandon Jennings\jennibr01,PG,28,MIL,14,0,205,27,72,0.375,9,33,0.273,18,39,0.462,0.438,10,10,1,5,26,31,44,6,4,18,11,73
253,Jonas Jerebko\jerebjo01,PF,30,UTA,74,19,1134,159,341,0.466,65,157,0.414,94,184,0.511,0.562,46,57,0.807,53,193,246,42,24,12,27,127,429
254,Amir Johnson\johnsam01,C,30,PHI,74,18,1171,140,260,0.538,10,32,0.313,130,228,0.57,0.558,52,85,0.612,123,207,330,118,45,44,55,192,342
255,Brice Johnson\johnsbr02,PF,23,TOT,18,0,98,20,42,0.476,0,1,0,20,41,0.488,0.476,3,5,0.6,9,22,31,2,9,6,5,13,43
255,Brice Johnson\johnsbr02,PF,23,LAC,9,0,38,7,11,0.636,0,1,0,7,10,0.7,0.636,2,2,1,2,11,13,1,6,2,4,7,16
255,Brice Johnson\johnsbr02,PF,23,MEM,9,0,60,13,31,0.419,0,0,,13,31,0.419,0.419,1,3,0.333,7,11,18,1,3,4,1,6,27
256,Dakari Johnson\johnsda04,C,22,OKC,31,6,161,22,39,0.564,0,0,,22,39,0.564,0.564,11,20,0.55,16,18,34,8,6,8,3,27,55
257,James Johnson\johnsja01,PF,30,MIA,73,41,1943,309,614,0.503,57,185,0.308,252,429,0.587,0.55,113,162,0.698,61,297,358,280,70,51,141,192,788
258,Joe Johnson\johnsjo02,SF,36,TOT,55,4,1205,146,360,0.406,40,145,0.276,106,215,0.493,0.461,40,45,0.889,14,158,172,83,18,7,49,67,372
258,Joe Johnson\johnsjo02,SF,36,UTA,32,3,700,95,226,0.42,23,84,0.274,72,142,0.507,0.471,20,24,0.833,12,95,107,45,12,6,31,32,233
258,Joe Johnson\johnsjo02,SF,36,HOU,23,1,505,51,134,0.381,17,61,0.279,34,73,0.466,0.444,20,21,0.952,2,63,65,38,6,1,18,35,139
259,Omari Johnson\johnsom01,PF,28,MEM,4,0,75,9,21,0.429,4,12,0.333,5,9,0.556,0.524,0,0,,4,7,11,7,2,0,3,6,22
260,Stanley Johnson\johnsst04,SF,21,DET,69,50,1894,210,560,0.375,67,234,0.286,143,326,0.439,0.435,112,145,0.772,33,219,252,112,95,14,77,169,599
261,Tyler Johnson\johnsty01,PG,25,MIA,72,39,2052,309,711,0.435,119,324,0.367,190,387,0.491,0.518,106,129,0.822,34,214,248,165,60,34,81,148,843
262,Wesley Johnson\johnswe01,SF,30,LAC,74,40,1486,150,368,0.408,60,177,0.339,90,191,0.471,0.489,43,58,0.741,29,187,216,61,76,62,55,146,403
263,Nikola Jokic\jokicni01,C,22,DEN,75,73,2443,504,1010,0.499,111,280,0.396,393,730,0.538,0.554,266,313,0.85,195,608,803,458,90,61,210,212,1385
264,Damian Jones\jonesda03,C,22,GSW,15,0,89,11,22,0.5,0,0,,11,22,0.5,0.5,3,5,0.6,5,9,14,2,1,3,4,14,25
265,Derrick Jones\jonesde02,SF,20,TOT,20,8,245,21,53,0.396,3,18,0.167,18,35,0.514,0.425,16,24,0.667,21,17,38,9,4,13,7,24,61
265,Derrick Jones\jonesde02,SF,20,PHO,6,0,33,2,4,0.5,0,2,0,2,2,1,0.5,5,6,0.833,2,2,4,3,1,4,1,2,9
265,Derrick Jones\jonesde02,SF,20,MIA,14,8,212,19,49,0.388,3,16,0.188,16,33,0.485,0.418,11,18,0.611,19,15,34,6,3,9,6,22,52
266,Jalen Jones\jonesja04,SF,24,TOT,16,0,181,26,68,0.382,10,26,0.385,16,42,0.381,0.456,12,19,0.632,13,25,38,4,5,1,7,22,74
266,Jalen Jones\jonesja04,SF,24,NOP,4,0,19,1,4,0.25,1,1,1,0,3,0,0.375,2,2,1,0,3,3,0,0,0,0,2,5
266,Jalen Jones\jonesja04,SF,24,DAL,12,0,162,25,64,0.391,9,25,0.36,16,39,0.41,0.461,10,17,0.588,13,22,35,4,5,1,7,20,69
267,Tyus Jones\jonesty01,PG,21,MIN,82,11,1467,150,328,0.457,45,129,0.349,105,199,0.528,0.526,71,81,0.877,16,116,132,232,95,6,59,110,416
268,DeAndre Jordan\jordade01,C,29,LAC,77,77,2424,373,578,0.645,0,0,,373,578,0.645,0.645,181,312,0.58,329,842,1171,117,39,71,137,203,927
269,Cory Joseph\josepco01,PG,26,IND,82,17,2210,256,604,0.424,67,190,0.353,189,414,0.457,0.479,70,94,0.745,39,224,263,260,80,18,87,141,649
270,Frank Kaminsky\kaminfr01,PF,24,CHO,79,4,1835,307,716,0.429,104,274,0.38,203,442,0.459,0.501,155,194,0.799,46,242,288,129,36,19,66,95,873
271,Enes Kanter\kanteen01,C,25,NYK,71,71,1830,422,713,0.592,0,2,0,422,711,0.594,0.592,156,184,0.848,273,507,780,105,36,37,122,187,1000
272,Luke Kennard\kennalu01,SG,21,DET,73,9,1463,206,465,0.443,81,195,0.415,125,270,0.463,0.53,65,76,0.855,21,155,176,124,44,13,69,86,558
273,Michael Kidd-Gilchrist\kiddgmi01,SF,24,CHO,74,74,1850,282,560,0.504,0,2,0,282,558,0.505,0.504,117,171,0.684,84,218,302,71,51,32,53,143,681
274,Sean Kilpatrick\kilpase01,SG,28,TOT,52,1,640,110,294,0.374,46,144,0.319,64,150,0.427,0.452,64,72,0.889,5,82,87,46,13,5,38,33,330
274,Sean Kilpatrick\kilpase01,SG,28,BRK,16,0,183,25,87,0.287,11,43,0.256,14,44,0.318,0.351,18,19,0.947,1,34,35,15,2,1,16,8,79
274,Sean Kilpatrick\kilpase01,SG,28,MIL,23,0,205,31,82,0.378,13,46,0.283,18,36,0.5,0.457,18,19,0.947,1,24,25,15,5,1,9,15,93
274,Sean Kilpatrick\kilpase01,SG,28,LAC,4,0,38,7,18,0.389,3,7,0.429,4,11,0.364,0.472,2,2,1,0,2,2,3,0,0,1,2,19
274,Sean Kilpatrick\kilpase01,SG,28,CHI,9,1,214,47,107,0.439,19,48,0.396,28,59,0.475,0.528,26,32,0.813,3,22,25,13,6,3,12,8,139
275,Maxi Kleber\klebima01,PF,26,DAL,72,36,1206,151,309,0.489,40,128,0.313,111,181,0.613,0.553,44,59,0.746,71,163,234,51,26,47,30,114,386
276,Furkan Korkmaz\korkmfu01,SG,20,PHI,14,0,80,8,28,0.286,5,17,0.294,3,11,0.273,0.375,2,4,0.5,2,9,11,4,2,1,2,12,23
277,Luke Kornet\kornelu01,PF,22,NYK,20,1,326,49,125,0.392,28,79,0.354,21,46,0.457,0.504,8,11,0.727,11,53,64,26,6,16,12,28,134
278,Kyle Korver\korveky01,SG,36,CLE,73,4,1574,222,484,0.459,164,376,0.436,58,108,0.537,0.628,64,72,0.889,9,156,165,88,31,27,55,130,672
279,Kosta Koufos\koufoko01,C,28,SAC,71,13,1391,222,389,0.571,0,0,,222,389,0.571,0.571,33,74,0.446,149,323,472,87,47,32,49,146,477
280,Kyle Kuzma\kuzmaky01,PF,22,LAL,77,37,2401,468,1039,0.45,159,434,0.366,309,605,0.511,0.527,147,208,0.707,88,395,483,141,49,34,140,160,1242
281,Mindaugas Kuzminskas\kuzmimi01,SF,28,NYK,1,0,2,0,2,0,0,0,,0,2,0,0,0,0,,0,0,0,0,0,0,0,0,0
282,Skal Labissiere\labissk01,PF,21,SAC,60,28,1240,205,458,0.448,18,51,0.353,187,407,0.459,0.467,95,118,0.805,99,189,288,72,25,49,73,132,523
283,Jeremy Lamb\lambje01,SG,25,CHO,80,18,1967,380,832,0.457,94,254,0.37,286,578,0.495,0.513,179,208,0.861,49,275,324,186,61,32,93,138,1033
284,Shane Larkin\larkish01,PG,25,BOS,54,2,775,84,219,0.384,31,86,0.36,53,133,0.398,0.454,32,37,0.865,15,77,92,98,29,2,33,58,231
285,Joffrey Lauvergne\lauvejo01,C,26,SAS,55,1,534,98,190,0.516,0,5,0,98,185,0.53,0.516,30,47,0.638,63,108,171,41,9,3,33,45,226
286,Zach LaVine\lavinza01,SG,22,CHI,24,24,656,136,355,0.383,42,123,0.341,94,232,0.405,0.442,87,107,0.813,9,85,94,72,24,4,43,55,401
287,Jake Layman\laymaja01,SF,23,POR,35,1,160,14,47,0.298,4,20,0.2,10,27,0.37,0.34,2,3,0.667,4,12,16,11,6,4,5,13,34
288,T.J. Leaf\leaftj01,PF,20,IND,53,0,459,64,136,0.471,18,42,0.429,46,94,0.489,0.537,10,16,0.625,29,53,82,9,5,4,10,45,156
289,Courtney Lee\leeco01,SG,32,NYK,76,69,2310,343,755,0.454,113,278,0.406,230,477,0.482,0.529,114,124,0.919,30,194,224,180,80,17,84,109,913
290,Damion Lee\leeda03,SG,25,ATL,15,11,404,62,152,0.408,15,60,0.25,47,92,0.511,0.457,22,29,0.759,11,60,71,29,19,1,14,25,161
291,Walt Lemon Jr.\lemonwa01,PG,25,NOP,5,0,35,7,16,0.438,1,1,1,6,15,0.4,0.469,2,3,0.667,0,2,2,5,0,1,4,5,17
292,Alex Len\lenal01,C,24,PHO,69,13,1395,214,378,0.566,1,3,0.333,213,375,0.568,0.567,158,231,0.684,175,343,518,82,27,61,78,158,587
293,Kawhi Leonard\leonaka01,SF,26,SAS,9,9,210,52,111,0.468,11,35,0.314,41,76,0.539,0.518,31,38,0.816,6,36,42,21,18,9,16,9,146
294,Meyers Leonard\leoname01,C,25,POR,33,2,254,46,78,0.59,11,26,0.423,35,52,0.673,0.66,9,11,0.818,12,58,70,17,7,0,10,36,112
295,Jon Leuer\leuerjo01,PF,28,DET,8,0,136,15,36,0.417,0,3,0,15,33,0.455,0.417,13,15,0.867,7,25,32,5,1,3,7,16,43
296,Caris LeVert\leverca01,SF,23,BRK,71,10,1864,320,735,0.435,85,245,0.347,235,490,0.48,0.493,133,187,0.711,53,207,260,299,82,22,153,159,858
297,DeAndre Liggins\liggide01,SG,29,TOT,58,4,724,40,106,0.377,19,53,0.358,21,53,0.396,0.467,2,5,0.4,7,68,75,48,37,14,20,81,101
297,DeAndre Liggins\liggide01,SG,29,MIL,31,1,480,22,65,0.338,11,36,0.306,11,29,0.379,0.423,2,5,0.4,5,44,49,27,27,10,13,61,57
297,DeAndre Liggins\liggide01,SG,29,NOP,27,3,244,18,41,0.439,8,17,0.471,10,24,0.417,0.537,0,0,,2,24,26,21,10,4,7,20,44
298,Damian Lillard\lillada01,PG,27,POR,73,73,2670,621,1415,0.439,227,629,0.361,394,786,0.501,0.519,493,538,0.916,62,263,325,481,77,27,206,117,1962
299,Jeremy Lin\linje01,PG,29,BRK,1,1,25,5,12,0.417,1,2,0.5,4,10,0.4,0.458,7,7,1,0,0,0,4,0,0,3,3,18
300,Shaun Livingston\livinsh01,PG,32,GSW,71,7,1129,172,343,0.501,0,5,0,172,338,0.509,0.501,50,61,0.82,32,99,131,140,35,21,58,117,394
301,Kevon Looney\looneke01,C,21,GSW,66,4,910,112,193,0.58,1,5,0.2,111,188,0.59,0.583,42,77,0.545,83,132,215,42,34,56,31,106,267
302,Brook Lopez\lopezbr01,C,29,LAL,74,72,1735,369,793,0.465,112,325,0.345,257,468,0.549,0.536,111,158,0.703,74,220,294,126,30,98,98,195,961
303,Robin Lopez\lopezro01,C,29,CHI,64,64,1690,342,645,0.53,4,14,0.286,338,631,0.536,0.533,68,90,0.756,134,156,290,124,14,53,107,109,756
304,Kevin Love\loveke01,C,29,CLE,59,59,1651,334,729,0.458,137,330,0.415,197,399,0.494,0.552,234,266,0.88,101,445,546,103,43,24,90,120,1039
305,Kyle Lowry\lowryky01,PG,31,TOR,78,78,2510,403,944,0.427,238,596,0.399,165,348,0.474,0.553,223,261,0.854,66,368,434,537,85,19,183,192,1267
306,Timothe Luwawu-Cabarrot\luwawti01,SF,22,PHI,52,7,807,100,267,0.375,53,158,0.335,47,109,0.431,0.474,46,58,0.793,14,58,72,54,12,5,38,97,299
307,Tyler Lydon\lydonty01,PF,21,DEN,1,0,2,0,0,,0,0,,0,0,,,0,0,,0,0,0,0,0,0,0,0,0
308,Trey Lyles\lylestr01,PF,22,DEN,73,2,1391,270,550,0.491,83,218,0.381,187,332,0.563,0.566,101,143,0.706,55,292,347,91,30,34,61,111,724
309,Shelvin Mack\macksh01,PG,27,ORL,69,3,1365,178,414,0.43,48,139,0.345,130,275,0.473,0.488,69,97,0.711,23,143,166,272,54,8,89,91,473
310,Josh Magette\magetjo01,PG,28,ATL,18,0,216,15,46,0.326,8,22,0.364,7,24,0.292,0.413,8,8,1,2,17,19,57,8,1,9,16,46
311,Ian Mahinmi\mahinia01,C,31,WAS,77,0,1145,138,248,0.556,0,2,0,138,246,0.561,0.556,90,128,0.703,135,177,312,53,38,42,100,230,366
312,Thon Maker\makerth01,C,20,MIL,74,12,1238,130,316,0.411,31,104,0.298,99,212,0.467,0.46,65,93,0.699,75,150,225,46,38,53,44,162,356
313,Boban Marjanovic\marjabo01,C,29,TOT,39,1,337,79,148,0.534,0,0,,79,148,0.534,0.534,77,97,0.794,48,96,144,22,10,11,36,51,235
313,Boban Marjanovic\marjabo01,C,29,DET,19,1,171,41,79,0.519,0,0,,41,79,0.519,0.519,36,45,0.8,15,42,57,14,4,6,22,28,118
313,Boban Marjanovic\marjabo01,C,29,LAC,20,0,166,38,69,0.551,0,0,,38,69,0.551,0.551,41,52,0.788,33,54,87,8,6,5,14,23,117
314,Lauri Markkanen\markkla01,PF,20,CHI,68,68,2020,374,862,0.434,145,401,0.362,229,461,0.497,0.518,140,166,0.843,79,429,508,79,39,40,83,103,1033
315,Jarell Martin\martija01,PF,23,MEM,73,36,1661,221,496,0.446,34,98,0.347,187,398,0.47,0.48,89,116,0.767,97,221,318,73,39,49,86,211,565
316,Frank Mason\masonfr01,PG,23,SAC,52,2,984,144,380,0.379,31,86,0.36,113,294,0.384,0.42,94,115,0.817,30,100,130,147,34,10,65,72,413
317,Mangok Mathiang\mathima01,C,25,CHO,4,0,20,4,7,0.571,0,0,,4,7,0.571,0.571,0,1,0,3,7,10,0,1,0,0,5,8
318,Wesley Matthews\matthwe02,SF,31,DAL,63,62,2131,283,697,0.406,153,402,0.381,130,295,0.441,0.516,83,101,0.822,28,170,198,172,76,16,83,140,802
319,Luc Mbah a Moute\mbahalu01,PF,31,HOU,61,15,1564,166,345,0.481,63,173,0.364,103,172,0.599,0.572,65,95,0.684,22,164,186,55,72,25,68,100,460
320,James Michael McAdoo\mcadoja01,PF,25,PHI,3,0,18,2,7,0.286,2,7,0.286,0,0,,0.429,2,2,1,0,2,2,0,0,1,1,1,8
321,Patrick McCaw\mccawpa01,SG,22,GSW,57,10,961,92,225,0.409,19,80,0.238,73,145,0.503,0.451,26,34,0.765,16,66,82,81,43,10,41,67,229
322,CJ McCollum\mccolcj01,SG,26,POR,81,81,2923,667,1505,0.443,189,476,0.397,478,1029,0.465,0.506,209,250,0.836,53,268,321,272,77,35,151,168,1732
323,T.J. McConnell\mccontj01,PG,25,PHI,76,1,1706,210,421,0.499,27,62,0.435,183,359,0.51,0.531,31,39,0.795,37,189,226,303,92,13,112,122,478
324,Erik McCree\mccreer01,SF,24,UTA,4,0,8,0,2,0,0,1,0,0,1,0,0,0,0,,0,1,1,0,1,0,1,0,0
325,Chris McCullough\mcculch01,PF,22,WAS,19,0,90,18,42,0.429,1,8,0.125,17,34,0.5,0.44,9,14,0.643,7,18,25,4,0,5,2,8,46
326,Doug McDermott\mcderdo01,SF,26,TOT,81,4,1768,237,508,0.467,92,216,0.426,145,292,0.497,0.557,64,81,0.79,40,160,200,79,19,16,56,122,630
326,Doug McDermott\mcderdo01,SF,26,NYK,55,1,1172,151,328,0.46,53,137,0.387,98,191,0.513,0.541,40,53,0.755,33,101,134,50,10,12,34,73,395
326,Doug McDermott\mcderdo01,SF,26,DAL,26,3,596,86,180,0.478,39,79,0.494,47,101,0.465,0.586,24,28,0.857,7,59,66,29,9,4,22,49,235
327,JaVale McGee\mcgeeja01,C,30,GSW,65,17,615,136,219,0.621,0,6,0,136,213,0.638,0.621,38,52,0.731,59,110,169,33,21,57,27,91,310
328,Rodney McGruder\mcgruro01,SG,26,MIA,18,2,299,36,73,0.493,15,35,0.429,21,38,0.553,0.596,4,8,0.5,11,21,32,17,8,3,4,21,91
329,Trey McKinney-Jones\mckintr01,SG,27,IND,1,0,1,0,0,,0,0,,0,0,,,0,0,,0,0,0,0,0,0,0,0,0
330,Alfonzo McKinnie\mckinal01,SF,25,TOR,14,0,53,8,15,0.533,3,9,0.333,5,6,0.833,0.633,2,3,0.667,1,6,7,1,1,1,3,8,21
331,Ben McLemore\mclembe01,SG,24,MEM,56,17,1091,157,373,0.421,55,159,0.346,102,214,0.477,0.495,53,64,0.828,34,105,139,51,38,15,61,139,422
332,Josh McRoberts\mcrobjo01,PF,30,DAL,2,0,6,0,1,0,0,1,0,0,0,,0,0,0,,0,0,0,0,0,0,0,2,0
333,Jodie Meeks\meeksjo01,SG,30,WAS,77,0,1119,157,393,0.399,72,210,0.343,85,183,0.464,0.491,101,117,0.863,15,111,126,70,29,4,37,55,487
334,Salah Mejri\mejrisa01,C,31,DAL,61,1,729,88,137,0.642,0,3,0,88,134,0.657,0.642,38,66,0.576,85,161,246,35,22,67,39,121,214
335,Jordan Mickey\mickejo01,PF,23,MIA,23,3,284,39,82,0.476,2,16,0.125,37,66,0.561,0.488,13,19,0.684,18,63,81,9,6,10,18,36,93
336,Khris Middleton\middlkh01,SF,26,MIL,82,82,2982,593,1272,0.466,146,407,0.359,447,865,0.517,0.524,320,362,0.884,45,384,429,328,119,21,191,270,1652
337,C.J. Miles\milescj01,SF,30,TOR,70,3,1337,227,599,0.379,164,454,0.361,63,145,0.434,0.516,81,97,0.835,18,134,152,55,37,21,39,134,699
338,Darius Miller\milleda01,SF,27,NOP,82,3,1944,216,487,0.444,147,358,0.411,69,129,0.535,0.594,58,67,0.866,18,146,164,111,28,17,58,160,637
339,Malcolm Miller\millema01,SF,24,TOR,15,4,126,13,28,0.464,8,21,0.381,5,7,0.714,0.607,4,4,1,4,11,15,3,1,2,5,10,38
340,Patty Mills\millspa02,PG,29,SAS,82,36,2107,280,682,0.411,154,414,0.372,126,268,0.47,0.523,105,118,0.89,26,128,154,229,55,11,106,128,819
341,Paul Millsap\millspa01,PF,32,DEN,38,37,1143,202,435,0.464,39,113,0.345,163,322,0.506,0.509,112,161,0.696,65,180,245,105,39,44,73,99,555
342,Nikola Mirotic\mirotni01,PF,26,TOT,55,14,1494,306,684,0.447,135,358,0.377,171,326,0.525,0.546,112,137,0.818,59,346,405,80,44,39,62,108,859
342,Nikola Mirotic\mirotni01,PF,26,CHI,25,3,622,143,302,0.474,69,161,0.429,74,141,0.525,0.588,65,79,0.823,18,141,159,39,15,13,31,45,420
342,Nikola Mirotic\mirotni01,PF,26,NOP,30,11,872,163,382,0.427,66,197,0.335,97,185,0.524,0.513,47,58,0.81,41,205,246,41,29,26,31,63,439
343,Donovan Mitchell\mitchdo01,SG,21,UTA,79,71,2638,595,1362,0.437,187,550,0.34,408,812,0.502,0.506,239,297,0.805,52,244,296,291,118,27,215,213,1616
344,Naz Mitrou-Long\mitrona01,SG,24,UTA,1,0,1,1,1,1,1,1,1,0,0,,1.5,0,0,,0,0,0,0,0,0,0,0,3
345,Malik Monk\monkma01,SG,19,CHO,63,0,854,153,425,0.36,83,243,0.342,70,182,0.385,0.458,32,38,0.842,8,58,66,91,20,9,49,60,421
346,Greg Monroe\monrogr01,C,27,TOT,51,14,1040,218,386,0.565,0,0,,218,386,0.565,0.565,88,119,0.739,109,241,350,114,44,23,94,95,524
346,Greg Monroe\monrogr01,C,27,MIL,5,0,79,16,33,0.485,0,0,,16,33,0.485,0.485,2,4,0.5,6,19,25,5,0,0,6,7,34
346,Greg Monroe\monrogr01,C,27,PHO,20,14,465,97,155,0.626,0,0,,97,155,0.626,0.626,31,46,0.674,50,110,160,50,16,6,40,40,225
346,Greg Monroe\monrogr01,C,27,BOS,26,0,496,105,198,0.53,0,0,,105,198,0.53,0.53,55,69,0.797,53,112,165,59,28,17,48,48,265
347,Luis Montero\montelu01,SG,24,DET,2,0,8,0,1,0,0,0,,0,1,0,0,0,0,,0,2,2,0,0,0,2,0,0
348,Ben Moore\moorebe01,PF,22,IND,2,0,9,0,0,,0,0,,0,0,,,0,0,,0,1,1,1,0,0,0,4,0
349,E'Twaun Moore\mooreet01,SG,28,NOP,82,80,2586,423,832,0.508,128,301,0.425,295,531,0.556,0.585,48,68,0.706,57,181,238,187,79,12,102,182,1022
350,Eric Moreland\moreler01,PF,26,DET,67,3,805,66,122,0.541,0,0,,66,122,0.541,0.541,11,29,0.379,81,197,278,78,31,51,42,116,143
351,Jaylen Morris\morrija01,SG,22,ATL,6,0,98,13,32,0.406,2,10,0.2,11,22,0.5,0.438,0,0,,2,14,16,7,2,1,6,2,28
352,Marcus Morris\morrima03,PF,28,BOS,54,21,1447,262,611,0.429,86,234,0.368,176,377,0.467,0.499,124,154,0.805,43,246,289,72,35,12,65,100,734
353,Markieff Morris\morrima02,PF,28,WAS,73,73,1968,330,687,0.48,76,207,0.367,254,480,0.529,0.536,105,128,0.82,75,334,409,142,56,38,127,216,841
354,Monte Morris\morrimo01,PG,22,DEN,3,0,25,4,6,0.667,0,1,0,4,5,0.8,0.667,2,2,1,0,2,2,7,3,0,1,1,10
355,Johnathan Motley\motlejo01,PF,22,DAL,11,4,176,40,75,0.533,1,6,0.167,39,69,0.565,0.54,15,28,0.536,14,35,49,7,3,2,9,18,96
356,Timofey Mozgov\mozgoti01,C,31,BRK,31,13,359,52,93,0.559,4,18,0.222,48,75,0.64,0.581,23,30,0.767,32,66,98,11,5,13,33,39,131
357,Emmanuel Mudiay\mudiaem01,PG,21,TOT,64,14,1245,204,526,0.388,47,148,0.318,157,378,0.415,0.433,98,129,0.76,26,126,152,206,41,11,113,80,553
357,Emmanuel Mudiay\mudiaem01,PG,21,DEN,42,0,752,129,322,0.401,38,102,0.373,91,220,0.414,0.46,63,78,0.808,16,78,94,121,21,4,72,47,359
357,Emmanuel Mudiay\mudiaem01,PG,21,NYK,22,14,493,75,204,0.368,9,46,0.196,66,158,0.418,0.39,35,51,0.686,10,48,58,85,20,7,41,33,194
358,Shabazz Muhammad\muhamsh01,SF-SG,25,TOT,43,2,418,84,188,0.447,7,27,0.259,77,161,0.478,0.465,39,50,0.78,23,53,76,14,9,3,6,30,214
358,Shabazz Muhammad\muhamsh01,SF,25,MIN,32,2,301,47,121,0.388,4,19,0.211,43,102,0.422,0.405,22,31,0.71,15,30,45,7,5,2,5,23,120
358,Shabazz Muhammad\muhamsh01,SG,25,MIL,11,0,117,37,67,0.552,3,8,0.375,34,59,0.576,0.575,17,19,0.895,8,23,31,7,4,1,1,7,94
359,Xavier Munford\munfoxa02,SG,25,MIL,6,0,21,1,6,0.167,0,2,0,1,4,0.25,0.167,1,2,0.5,1,0,1,4,1,0,2,4,3
360,Dejounte Murray\murrade01,PG,21,SAS,81,48,1743,270,609,0.443,9,34,0.265,261,575,0.454,0.451,105,148,0.709,110,349,459,231,97,31,134,151,654
361,Jamal Murray\murraja01,PG,20,DEN,81,80,2565,479,1062,0.451,165,436,0.378,314,626,0.502,0.529,229,253,0.905,82,215,297,274,79,28,172,173,1352
362,Mike Muscala\muscami01,C,26,ATL,53,7,1060,143,312,0.458,62,167,0.371,81,145,0.559,0.558,57,62,0.919,56,174,230,51,31,27,42,80,405
363,Abdel Nader\naderab01,SF,24,BOS,48,1,522,50,149,0.336,23,65,0.354,27,84,0.321,0.413,23,39,0.59,13,58,71,26,15,10,34,45,146
364,Larry Nance\nancela02,C,25,TOT,66,27,1421,240,413,0.581,2,12,0.167,238,401,0.594,0.584,91,137,0.664,161,291,452,82,88,38,51,172,573
364,Larry Nance\nancela02,C,25,LAL,42,17,922,152,253,0.601,1,4,0.25,151,249,0.606,0.603,55,87,0.632,108,176,284,57,59,20,41,113,360
364,Larry Nance\nancela02,C,25,CLE,24,10,499,88,160,0.55,1,8,0.125,87,152,0.572,0.553,36,50,0.72,53,115,168,25,29,18,10,59,213
365,Shabazz Napier\napiesh01,PG,26,POR,74,10,1535,223,531,0.42,82,218,0.376,141,313,0.45,0.497,116,138,0.841,26,144,170,150,81,14,90,84,644
366,Jameer Nelson\nelsoja01,PG,35,TOT,50,0,1013,95,244,0.389,41,124,0.331,54,120,0.45,0.473,16,20,0.8,13,91,104,179,27,4,67,81,247
366,Jameer Nelson\nelsoja01,PG,35,NOP,43,0,897,84,205,0.41,40,110,0.364,44,95,0.463,0.507,13,17,0.765,11,85,96,156,23,3,56,67,221
366,Jameer Nelson\nelsoja01,PG,35,DET,7,0,116,11,39,0.282,1,14,0.071,10,25,0.4,0.295,3,3,1,2,6,8,23,4,1,11,14,26
367,Raul Neto\netora01,PG,25,UTA,41,0,498,69,151,0.457,19,47,0.404,50,104,0.481,0.52,26,35,0.743,7,42,49,75,13,4,36,38,183
368,Georges Niang\niangge01,PF,24,UTA,9,0,32,4,11,0.364,0,4,0,4,7,0.571,0.364,1,2,0.5,3,6,9,3,2,0,3,1,9
369,Joakim Noah\noahjo01,C,32,NYK,7,0,40,5,10,0.5,0,0,,5,10,0.5,0.5,2,4,0.5,6,8,14,4,2,2,4,5,12
370,Nerlens Noel\noelne01,C,23,DAL,30,6,472,55,105,0.524,0,1,0,55,104,0.529,0.524,21,28,0.75,48,120,168,20,31,22,26,59,131
371,Lucas Nogueira\noguelu01,C,25,TOR,49,3,418,49,80,0.613,5,19,0.263,44,61,0.721,0.644,19,28,0.679,18,69,87,22,23,43,16,49,122
372,Dirk Nowitzki\nowitdi01,C,39,DAL,77,77,1900,346,758,0.456,138,337,0.409,208,421,0.494,0.547,97,108,0.898,22,416,438,120,43,45,51,146,927
373,Frank Ntilikina\ntilila01,PG,19,NYK,78,9,1706,182,500,0.364,50,157,0.318,132,343,0.385,0.414,49,68,0.721,37,140,177,250,65,18,131,181,463
374,Jusuf Nurkic\nurkiju01,C,23,POR,79,79,2088,480,951,0.505,0,7,0,480,944,0.508,0.505,172,273,0.63,189,519,708,143,64,111,183,247,1132
375,David Nwaba\nwabada01,SG,25,CHI,70,21,1646,202,423,0.478,18,52,0.346,184,371,0.496,0.499,133,203,0.655,89,237,326,104,59,29,77,158,555
376,Johnny O'Bryant\obryajo01,PF,24,CHO,36,0,379,68,171,0.398,14,43,0.326,54,128,0.422,0.439,21,25,0.84,29,64,93,14,9,6,15,45,171
377,Royce O'Neale\onealro01,SF,24,UTA,69,4,1150,120,284,0.423,42,118,0.356,78,166,0.47,0.496,61,76,0.803,25,211,236,95,36,16,55,105,343
378,Kyle O'Quinn\oquinky01,C,27,NYK,77,10,1387,224,384,0.583,4,17,0.235,220,367,0.599,0.589,98,127,0.772,121,349,470,158,36,98,100,192,550
379,Semi Ojeleye\ojelese01,PF,23,BOS,73,0,1150,65,188,0.346,40,125,0.32,25,63,0.397,0.452,25,41,0.61,37,124,161,20,21,4,25,91,195
380,Emeka Okafor\okafoem01,C,35,NOP,26,19,353,48,95,0.505,0,0,,48,95,0.505,0.505,18,22,0.818,47,73,120,8,8,25,13,30,114
381,Jahlil Okafor\okafoja01,C,22,TOT,28,0,353,77,138,0.558,1,4,0.25,76,134,0.567,0.562,21,29,0.724,21,64,85,12,3,18,21,51,176
381,Jahlil Okafor\okafoja01,C,22,PHI,2,0,25,4,9,0.444,0,0,,4,9,0.444,0.444,2,4,0.5,4,5,9,1,0,2,3,7,10
381,Jahlil Okafor\okafoja01,C,22,BRK,26,0,328,73,129,0.566,1,4,0.25,72,125,0.576,0.57,19,25,0.76,17,59,76,11,3,16,18,44,166
382,Victor Oladipo\oladivi01,SG,25,IND,75,75,2552,640,1342,0.477,161,434,0.371,479,908,0.528,0.537,294,368,0.799,47,343,390,323,177,57,219,175,1735
383,Kelly Olynyk\olynyke01,PF,26,MIA,76,22,1779,316,636,0.497,106,280,0.379,210,356,0.59,0.58,134,174,0.77,89,342,431,207,62,35,147,222,872
384,Chinanu Onuaku\onuakch01,C,21,HOU,1,0,22,2,5,0.4,0,0,,2,5,0.4,0.4,0,0,,1,3,4,1,0,0,3,4,4
385,Cedi Osman\osmande01,SF,22,CLE,61,12,672,90,186,0.484,32,87,0.368,58,99,0.586,0.57,26,46,0.565,19,101,120,41,22,3,32,78,238
386,Kelly Oubre\oubreke01,SF,22,WAS,81,11,2231,318,790,0.403,126,369,0.341,192,421,0.456,0.482,191,233,0.82,59,304,363,98,80,35,90,234,953
387,Zaza Pachulia\pachuza01,C,33,GSW,69,57,972,149,264,0.564,0,1,0,149,263,0.567,0.564,75,93,0.806,89,232,321,109,38,17,72,122,373
388,Marcus Paige\paigema01,PG,24,CHO,5,0,28,4,14,0.286,2,8,0.25,2,6,0.333,0.357,2,2,1,0,4,4,3,0,0,0,0,12
389,Georgios Papagiannis\papagge01,C,20,TOT,17,0,122,18,42,0.429,0,0,,18,42,0.429,0.429,0,0,,13,24,37,9,4,6,8,12,36
389,Georgios Papagiannis\papagge01,C,20,SAC,16,0,118,17,41,0.415,0,0,,17,41,0.415,0.415,0,0,,12,24,36,9,2,6,8,12,34
389,Georgios Papagiannis\papagge01,C,20,POR,1,0,4,1,1,1,0,0,,1,1,1,1,0,0,,1,0,1,0,2,0,0,0,2
390,Jabari Parker\parkeja01,PF,22,MIL,31,3,743,160,332,0.482,31,81,0.383,129,251,0.514,0.529,40,54,0.741,42,109,151,59,25,10,45,50,391
391,Tony Parker\parketo01,PG,35,SAS,55,21,1071,178,388,0.459,10,37,0.27,168,351,0.479,0.472,55,78,0.705,7,88,95,195,28,1,68,52,421
392,Chandler Parsons\parsoch01,SF,29,MEM,36,8,691,108,234,0.462,51,121,0.421,57,113,0.504,0.571,17,27,0.63,14,76,90,69,18,11,35,53,284
393,Patrick Patterson\pattepa01,PF,28,OKC,82,3,1270,106,266,0.398,66,171,0.386,40,95,0.421,0.523,40,46,0.87,32,161,193,57,48,23,33,87,318
394,Justin Patton\pattoju01,C,20,MIN,1,0,4,1,2,0.5,0,0,,1,2,0.5,0.5,0,0,,0,0,0,0,1,0,0,1,2
395,Brandon Paul\paulbr01,SG,26,SAS,64,2,576,55,127,0.433,15,54,0.278,40,73,0.548,0.492,22,43,0.512,6,62,68,37,25,7,29,58,147
396,Chris Paul\paulch01,PG,32,HOU,58,58,1847,367,798,0.46,144,379,0.38,223,419,0.532,0.55,203,221,0.919,37,276,313,457,96,14,128,141,1081
397,Adreian Payne\paynead01,PF,26,ORL,5,0,43,7,10,0.7,2,3,0.667,5,7,0.714,0.8,5,6,0.833,2,7,9,0,2,0,2,6,21
398,Cameron Payne\payneca01,PG,23,CHI,25,14,582,87,215,0.405,35,91,0.385,52,124,0.419,0.486,12,16,0.75,18,51,69,113,26,9,36,44,221
399,Elfrid Payton\paytoel01,PG,23,TOT,63,63,1808,329,667,0.493,30,92,0.326,299,575,0.52,0.516,109,168,0.649,64,210,274,393,83,22,168,147,797
399,Elfrid Payton\paytoel01,PG,23,ORL,44,44,1257,238,458,0.52,25,67,0.373,213,391,0.545,0.547,72,114,0.632,47,127,174,275,64,16,114,97,573
399,Elfrid Payton\paytoel01,PG,23,PHO,19,19,551,91,209,0.435,5,25,0.2,86,184,0.467,0.447,37,54,0.685,17,83,100,118,19,6,54,50,224
400,Gary Payton\paytoga02,PG,25,TOT,23,6,221,30,74,0.405,6,25,0.24,24,49,0.49,0.446,3,9,0.333,13,31,44,21,7,3,7,30,69
400,Gary Payton\paytoga02,PG,25,MIL,12,6,106,13,33,0.394,2,12,0.167,11,21,0.524,0.424,2,3,0.667,4,13,17,9,3,1,3,17,30
400,Gary Payton\paytoga02,PG,25,LAL,11,0,115,17,41,0.415,4,13,0.308,13,28,0.464,0.463,1,6,0.167,9,18,27,12,4,2,4,13,39
401,Kendrick Perkins\perkike01,C,33,CLE,1,0,15,1,2,0.5,0,0,,1,2,0.5,0.5,1,2,0.5,0,1,1,2,1,0,1,1,3
402,London Perrantes\perralo01,PG,23,CLE,14,0,66,2,13,0.154,0,3,0,2,10,0.2,0.154,3,5,0.6,1,3,4,5,2,1,1,6,7
403,Alec Peters\peteral01,PF,22,PHO,20,0,225,28,74,0.378,18,58,0.31,10,16,0.625,0.5,8,10,0.8,8,29,37,12,2,2,4,13,82
404,Marshall Plumlee\plumlma02,C,25,MIL,8,0,52,1,3,0.333,0,0,,1,3,0.333,0.333,12,16,0.75,4,13,17,2,0,1,3,10,14
405,Mason Plumlee\plumlma01,C,27,DEN,74,26,1439,221,368,0.601,0,1,0,221,367,0.602,0.601,82,179,0.458,132,268,400,142,49,81,103,184,524
406,Miles Plumlee\plumlmi01,C,29,ATL,55,35,918,105,180,0.583,0,0,,105,180,0.583,0.583,27,60,0.45,77,151,228,45,17,30,63,79,237
407,Jakob Poeltl\poeltja01,C,22,TOR,82,0,1524,253,384,0.659,1,2,0.5,252,382,0.66,0.66,60,101,0.594,165,228,393,57,39,100,85,212,567
408,Quincy Pondexter\pondequ01,SF,29,CHI,23,1,196,14,49,0.286,3,22,0.136,11,27,0.407,0.316,14,17,0.824,8,19,27,9,8,2,11,24,45
409,Otto Porter\porteot01,SF,24,WAS,77,77,2432,445,885,0.503,138,313,0.441,307,572,0.537,0.581,106,128,0.828,103,389,492,157,116,41,75,151,1134
410,Bobby Portis\portibo01,PF,22,CHI,73,4,1643,382,811,0.471,80,223,0.359,302,588,0.514,0.52,120,156,0.769,159,339,498,123,50,23,103,130,964
411,Kristaps Porzingis\porzikr01,PF,22,NYK,48,48,1553,390,889,0.439,90,228,0.395,300,661,0.454,0.489,218,275,0.793,62,254,316,57,36,115,93,141,1088
412,Dwight Powell\poweldw01,C,26,DAL,79,25,1672,255,430,0.593,28,84,0.333,227,346,0.656,0.626,133,185,0.719,135,309,444,91,67,32,59,186,671
413,Norman Powell\powelno01,SG,24,TOR,70,18,1062,150,374,0.401,53,186,0.285,97,188,0.516,0.472,32,39,0.821,14,105,119,89,37,16,66,111,385
414,Alex Poythress\poythal01,PF,24,IND,25,0,104,11,26,0.423,4,11,0.364,7,15,0.467,0.5,0,0,,7,10,17,2,3,1,2,16,26
415,Jacob Pullen\pulleja01,PG,28,PHI,3,0,6,1,2,0.5,0,1,0,1,1,1,0.5,0,0,,0,0,0,0,0,0,1,0,2
416,Rodney Purvis\purviro01,SG,23,ORL,16,2,290,35,107,0.327,13,52,0.25,22,55,0.4,0.388,13,15,0.867,1,26,27,17,3,3,10,26,96
417,Zhou Qi\qizh01,C,22,HOU,18,0,124,6,32,0.188,2,19,0.105,4,13,0.308,0.219,8,12,0.667,6,16,22,2,2,14,10,14,22
418,Tim Quarterman\quartti01,SG,23,HOU,3,0,13,1,3,0.333,0,2,0,1,1,1,0.333,2,2,1,0,3,3,1,0,0,2,1,4
419,Ivan Rabb\rabbiv01,PF,20,MEM,36,5,516,86,152,0.566,0,0,,86,152,0.566,0.566,29,36,0.806,53,105,158,32,12,13,35,55,201
420,Julius Randle\randlju01,C,23,LAL,82,49,2190,504,904,0.558,10,45,0.222,494,859,0.575,0.563,305,425,0.718,181,473,654,210,43,45,213,274,1323
421,Zach Randolph\randoza01,PF,36,SAC,59,57,1508,361,763,0.473,51,147,0.347,310,616,0.503,0.507,84,107,0.785,97,300,397,127,42,10,116,119,857
422,Xavier Rathan-Mayes\rathaxa01,SG,23,MEM,5,0,118,12,42,0.286,1,14,0.071,11,28,0.393,0.298,4,9,0.444,0,5,5,18,6,3,11,18,29
423,J.J. Redick\redicjj01,SG,33,PHI,70,70,2116,404,879,0.46,193,460,0.42,211,419,0.504,0.569,197,218,0.904,9,169,178,210,35,6,103,123,1198
424,Davon Reed\reedda01,SG,22,PHO,21,1,242,22,76,0.289,11,38,0.289,11,38,0.289,0.362,8,12,0.667,2,37,39,13,10,2,10,17,63
425,Willie Reed\reedwi02,C,27,TOT,42,5,428,81,121,0.669,1,2,0.5,80,119,0.672,0.674,32,55,0.582,35,86,121,10,9,22,19,56,195
425,Willie Reed\reedwi02,C,27,LAC,39,5,419,80,120,0.667,1,2,0.5,79,118,0.669,0.671,32,55,0.582,35,85,120,9,9,22,19,53,193
425,Willie Reed\reedwi02,C,27,DET,3,0,9,1,1,1,0,0,,1,1,1,1,0,0,,0,1,1,1,0,0,0,3,2
426,Josh Richardson\richajo01,SF,24,MIA,81,81,2689,399,885,0.451,127,336,0.378,272,549,0.495,0.523,120,142,0.845,69,216,285,231,121,75,140,199,1045
427,Malachi Richardson\richama01,SG,22,TOT,26,4,324,30,90,0.333,12,40,0.3,18,50,0.36,0.4,17,22,0.773,5,29,34,13,10,1,10,27,89
427,Malachi Richardson\richama01,SG,22,SAC,25,4,319,29,88,0.33,12,39,0.308,17,49,0.347,0.398,17,22,0.773,5,28,33,13,10,1,10,27,87
427,Malachi Richardson\richama01,SG,22,TOR,1,0,5,1,2,0.5,0,1,0,1,1,1,0.5,0,0,,0,1,1,0,0,0,0,0,2
428,Austin Rivers\riverau01,SG,25,LAC,61,59,2057,341,805,0.424,136,360,0.378,205,445,0.461,0.508,102,159,0.642,27,118,145,242,74,16,109,152,920
429,Andre Roberson\roberan03,SG,26,OKC,39,39,1037,87,162,0.537,8,36,0.222,79,126,0.627,0.562,12,38,0.316,75,110,185,46,45,35,30,89,194
430,Devin Robinson\robinde01,SF,22,WAS,1,0,13,1,3,0.333,0,0,,1,3,0.333,0.333,0,0,,2,3,5,0,1,0,0,2,2
431,Glenn Robinson\robingl02,SF,24,IND,23,1,338,36,85,0.424,14,34,0.412,22,51,0.431,0.506,9,11,0.818,11,26,37,17,13,1,5,14,95
432,Rajon Rondo\rondora01,PG,31,NOP,65,63,1705,231,494,0.468,50,150,0.333,181,344,0.526,0.518,25,46,0.543,31,232,263,533,70,10,151,119,537
433,Derrick Rose\rosede01,PG,29,TOT,25,7,420,81,186,0.435,7,30,0.233,74,156,0.474,0.454,40,46,0.87,13,22,35,37,7,4,35,16,209
433,Derrick Rose\rosede01,PG,29,CLE,16,7,308,58,132,0.439,6,24,0.25,52,108,0.481,0.462,35,41,0.854,10,19,29,26,3,4,28,14,157
433,Derrick Rose\rosede01,PG,29,MIN,9,0,112,23,54,0.426,1,6,0.167,22,48,0.458,0.435,5,5,1,3,3,6,11,4,0,7,2,52
434,Terrence Ross\rosste01,SG,26,ORL,24,20,600,76,191,0.398,30,93,0.323,46,98,0.469,0.476,27,36,0.75,10,63,73,38,27,11,29,45,209
435,Terry Rozier\roziete01,PG,23,BOS,80,16,2068,316,800,0.395,153,402,0.381,163,398,0.41,0.491,115,149,0.772,63,313,376,232,80,19,80,123,900
436,Ricky Rubio\rubiori01,PG,27,UTA,77,77,2254,346,827,0.418,96,273,0.352,250,554,0.451,0.476,220,254,0.866,44,307,351,410,121,11,207,206,1008
437,D'Angelo Russell\russeda01,PG,21,BRK,48,35,1234,278,672,0.414,90,278,0.324,188,394,0.477,0.481,97,131,0.74,30,159,189,249,36,17,147,93,743
438,Domantas Sabonis\sabondo01,C,21,IND,74,19,1810,340,661,0.514,13,37,0.351,327,624,0.524,0.524,168,224,0.75,165,407,572,151,40,32,137,220,861
439,JaKarr Sampson\sampsja02,SF,24,SAC,22,6,344,44,81,0.543,5,10,0.5,39,71,0.549,0.574,10,16,0.625,21,57,78,9,8,22,8,48,103
440,Dario Saric\saricda01,PF,23,PHI,78,73,2310,403,890,0.453,157,399,0.393,246,491,0.501,0.541,178,207,0.86,154,366,520,202,51,20,148,160,1141
441,Tomas Satoransky\satorto01,SG,26,WAS,73,30,1643,201,384,0.523,47,101,0.465,154,283,0.544,0.585,75,96,0.781,72,161,233,286,52,15,83,131,524
442,Dennis Schroder\schrode01,PG,24,ATL,67,67,2078,500,1146,0.436,76,262,0.29,424,884,0.48,0.469,225,265,0.849,44,164,208,417,72,6,183,147,1301
443,Mike Scott\scottmi01,PF,29,WAS,76,1,1406,276,524,0.527,66,163,0.405,210,361,0.582,0.59,50,76,0.658,50,197,247,80,23,10,79,148,668
444,Thabo Sefolosha\sefolth01,SF,33,UTA,38,6,806,118,240,0.492,32,84,0.381,86,156,0.551,0.558,44,54,0.815,29,132,161,33,52,12,30,59,312
445,Wayne Selden\seldewa01,SG,23,MEM,35,9,692,116,269,0.431,49,122,0.402,67,147,0.456,0.522,44,59,0.746,16,40,56,66,18,5,54,59,325
446,Ramon Sessions\sessira01,PG,31,TOT,28,3,392,42,117,0.359,8,26,0.308,34,91,0.374,0.393,44,57,0.772,6,32,38,77,14,2,30,29,136
446,Ramon Sessions\sessira01,PG,31,NYK,13,3,167,17,53,0.321,2,11,0.182,15,42,0.357,0.34,12,15,0.8,1,17,18,27,7,1,15,14,48
446,Ramon Sessions\sessira01,PG,31,WAS,15,0,225,25,64,0.391,6,15,0.4,19,49,0.388,0.438,32,42,0.762,5,15,20,50,7,1,15,15,88
447,Iman Shumpert\shumpim01,SG,27,CLE,14,6,276,22,58,0.379,7,26,0.269,15,32,0.469,0.44,11,15,0.733,7,34,41,17,9,4,16,22,62
448,Pascal Siakam\siakapa01,PF,23,TOR,81,5,1679,253,498,0.508,29,132,0.22,224,366,0.612,0.537,54,87,0.621,79,285,364,159,62,42,67,166,589
449,Xavier Silas\silasxa01,SG,30,BOS,2,0,7,0,3,0,0,2,0,0,1,0,0,0,0,,1,1,2,0,1,0,0,1,0
450,Ben Simmons\simmobe01,PG,21,PHI,81,81,2732,544,998,0.545,0,11,0,544,987,0.551,0.545,191,341,0.56,145,514,659,661,140,70,278,211,1279
451,Jonathon Simmons\simmojo02,SG,28,ORL,69,50,2029,354,761,0.465,69,204,0.338,285,557,0.512,0.511,185,241,0.768,61,178,239,171,58,16,146,175,962
452,Kobi Simmons\simmoko01,PG,20,MEM,32,12,643,80,189,0.423,11,39,0.282,69,150,0.46,0.452,25,25,1,14,36,50,68,18,5,44,61,196
453,Kyle Singler\singlky01,SF,29,OKC,12,0,59,7,21,0.333,2,5,0.4,5,16,0.313,0.381,7,13,0.538,1,9,10,2,1,0,3,4,23
454,Marcus Smart\smartma01,SG,23,BOS,54,11,1614,189,515,0.367,75,249,0.301,114,266,0.429,0.44,97,133,0.729,43,146,189,259,71,23,129,133,550
455,Dennis Smith\smithde03,PG,20,DAL,69,69,2049,404,1024,0.395,106,339,0.313,298,685,0.435,0.446,134,193,0.694,50,210,260,358,71,18,194,152,1048
456,Ish Smith\smithis01,PG,29,DET,82,35,2043,389,801,0.486,35,101,0.347,354,700,0.506,0.507,81,116,0.698,27,197,224,360,64,20,108,140,894
457,J.R. Smith\smithjr01,SG,32,CLE,80,61,2244,240,595,0.403,143,381,0.375,97,214,0.453,0.524,39,56,0.696,29,206,235,141,68,11,81,161,662
458,Jason Smith\smithja02,C,31,WAS,33,2,285,45,115,0.391,4,32,0.125,41,83,0.494,0.409,19,21,0.905,18,35,53,14,3,13,16,44,113
459,Josh Smith\smithjo03,PF,32,NOP,3,0,12,1,4,0.25,0,0,,1,4,0.25,0.25,0,0,,3,1,4,0,0,0,0,3,2
460,Tony Snell\snellto01,SG,26,MIL,75,59,2053,185,425,0.435,108,268,0.403,77,157,0.49,0.562,38,48,0.792,9,132,141,98,47,28,36,115,516
461,Marreese Speights\speigma01,C,30,ORL,52,3,675,138,349,0.395,86,233,0.369,52,116,0.448,0.519,40,55,0.727,21,112,133,40,8,22,40,106,402
462,Nik Stauskas\stausni01,SG,24,TOT,41,0,523,60,154,0.39,40,100,0.4,20,54,0.37,0.519,21,29,0.724,4,60,64,39,9,4,26,24,181
462,Nik Stauskas\stausni01,SG,24,PHI,6,0,45,1,4,0.25,0,1,0,1,3,0.333,0.25,2,2,1,0,1,1,1,4,0,4,3,4
462,Nik Stauskas\stausni01,SG,24,BRK,35,0,478,59,150,0.393,40,99,0.404,19,51,0.373,0.527,19,27,0.704,4,59,63,38,5,4,22,21,177
463,Lance Stephenson\stephla01,SG,27,IND,82,7,1850,303,709,0.427,67,232,0.289,236,477,0.495,0.475,84,127,0.661,62,362,424,235,46,17,131,177,757
464,David Stockton\stockda01,PG,26,UTA,3,0,9,2,3,0.667,2,3,0.667,0,0,,1,4,4,1,0,0,0,0,0,0,1,3,10
465,Julyan Stone\stoneju01,SG,29,CHO,23,0,175,6,13,0.462,6,13,0.462,0,0,,0.692,1,2,0.5,1,28,29,26,4,2,7,21,19
466,Edmond Sumner\sumneed01,PG,22,IND,1,0,2,1,1,1,0,0,,1,1,1,1,0,0,,0,1,1,0,0,0,0,1,2
467,Caleb Swanigan\swanica01,PF,20,POR,27,3,189,24,60,0.4,1,8,0.125,23,52,0.442,0.408,12,18,0.667,15,39,54,14,5,3,18,37,61
468,Jayson Tatum\tatumja01,SF,19,BOS,80,80,2438,397,835,0.475,105,242,0.434,292,593,0.492,0.538,213,258,0.826,50,352,402,128,83,58,114,170,1112
469,Isaiah Taylor\taylois01,PG,23,ATL,67,9,1167,163,390,0.418,20,80,0.25,143,310,0.461,0.444,99,141,0.702,22,72,94,206,34,10,84,116,445
470,Jeff Teague\teaguje01,PG,29,MIN,70,70,2311,354,794,0.446,84,228,0.368,270,566,0.477,0.499,202,239,0.845,24,185,209,492,102,23,177,171,994
471,Marquis Teague\teaguma01,PG,24,MEM,3,0,74,4,16,0.25,1,4,0.25,3,12,0.25,0.281,2,5,0.4,1,5,6,13,4,0,3,5,11
472,Mirza Teletovic\teletmi01,PF,32,MIL,10,0,159,25,57,0.439,21,45,0.467,4,12,0.333,0.623,0,0,,3,20,23,10,4,1,7,14,71
473,Garrett Temple\templga01,SG,31,SAC,65,35,1615,199,476,0.418,89,227,0.392,110,249,0.442,0.512,60,78,0.769,22,130,152,124,57,27,79,135,547
474,Milos Teodosic\teodomi01,PG,30,LAC,45,36,1134,151,360,0.419,88,232,0.379,63,128,0.492,0.542,39,46,0.848,16,110,126,209,23,5,97,103,429
475,Jason Terry\terryja01,SG,40,MIL,51,4,814,59,154,0.383,40,115,0.348,19,39,0.487,0.513,8,9,0.889,5,43,48,59,42,13,25,52,166
476,Daniel Theis\theisda01,C,25,BOS,63,3,936,126,233,0.541,18,58,0.31,108,175,0.617,0.579,61,81,0.753,90,184,274,56,30,48,56,157,331
477,Isaiah Thomas\thomais02,PG,28,TOT,32,15,862,157,421,0.373,55,188,0.293,102,233,0.438,0.438,117,131,0.893,17,50,67,153,15,3,95,58,486
477,Isaiah Thomas\thomais02,PG,28,CLE,15,14,406,70,194,0.361,22,87,0.253,48,107,0.449,0.418,59,68,0.868,7,24,31,68,9,2,41,25,221
477,Isaiah Thomas\thomais02,PG,28,LAL,17,1,456,87,227,0.383,33,101,0.327,54,126,0.429,0.456,58,63,0.921,10,26,36,85,6,1,54,33,265
478,Lance Thomas\thomala01,PF,29,NYK,73,31,1353,102,267,0.382,50,124,0.403,52,143,0.364,0.476,44,53,0.83,44,131,175,44,30,14,40,134,298
479,Klay Thompson\thompkl01,SG,27,GSW,73,73,2506,575,1179,0.488,229,521,0.44,346,658,0.526,0.585,82,98,0.837,31,246,277,185,55,34,128,117,1461
480,Tristan Thompson\thomptr01,C,26,CLE,53,22,1072,132,235,0.562,0,0,,132,235,0.562,0.562,43,79,0.544,126,226,352,33,16,17,36,102,307
481,Sindarius Thornwell\thornsi01,SG,23,LAC,73,17,1156,100,233,0.429,23,61,0.377,77,172,0.448,0.479,59,88,0.67,33,107,140,68,48,25,53,125,282
482,Anthony Tolliver\tollian01,PF,32,DET,79,14,1757,219,472,0.464,159,365,0.436,60,107,0.561,0.632,106,133,0.797,50,191,241,90,32,21,58,144,703
483,Karl-Anthony Towns\townska01,C,22,MIN,82,82,2918,639,1172,0.545,120,285,0.421,519,887,0.585,0.596,345,402,0.858,238,774,1012,199,64,115,159,285,1743
484,P.J. Tucker\tuckepj01,PF,32,HOU,82,34,2281,172,441,0.39,115,310,0.371,57,131,0.435,0.52,43,60,0.717,93,364,457,77,78,26,74,205,502
485,Evan Turner\turneev01,SF,29,POR,79,40,2034,258,577,0.447,42,132,0.318,216,445,0.485,0.484,91,107,0.85,30,214,244,173,47,29,99,163,649
486,Myles Turner\turnemy01,C,21,IND,65,62,1836,306,639,0.479,56,157,0.357,250,482,0.519,0.523,160,206,0.777,93,324,417,87,38,118,96,186,828
487,Ekpe Udoh\udohek01,C,30,UTA,63,3,810,60,120,0.5,0,1,0,60,119,0.504,0.5,42,56,0.75,68,82,150,53,43,74,20,105,162
488,Tyler Ulis\ulisty01,PG,22,PHO,71,43,1658,214,551,0.388,42,146,0.288,172,405,0.425,0.426,84,101,0.832,24,104,128,311,70,7,127,120,554
489,Jonas Valanciunas\valanjo01,C,25,TOR,77,77,1727,390,687,0.568,30,74,0.405,360,613,0.587,0.59,170,211,0.806,183,477,660,81,29,69,115,192,980
490,Denzel Valentine\valende01,SG,24,CHI,77,37,2095,301,721,0.417,143,370,0.386,158,351,0.45,0.517,38,51,0.745,48,345,393,244,65,11,99,185,783
491,Fred VanVleet\vanvlfr01,PG,23,TOR,76,0,1520,232,545,0.426,108,261,0.414,124,284,0.437,0.525,84,101,0.832,25,159,184,243,68,19,74,130,656
492,Rashad Vaughn\vaughra01,SG,21,TOT,28,0,212,23,56,0.411,14,37,0.378,9,19,0.474,0.536,4,6,0.667,3,18,21,13,5,3,6,15,64
492,Rashad Vaughn\vaughra01,SG,21,MIL,22,0,173,21,50,0.42,13,35,0.371,8,15,0.533,0.55,4,6,0.667,2,15,17,12,4,3,4,12,59
492,Rashad Vaughn\vaughra01,SG,21,BRK,1,0,4,0,0,,0,0,,0,0,,,0,0,,0,0,0,1,0,0,0,1,0
492,Rashad Vaughn\vaughra01,SG,21,ORL,5,0,35,2,6,0.333,1,2,0.5,1,4,0.25,0.417,0,0,,1,3,4,0,1,0,2,2,5
493,Noah Vonleh\vonleno01,PF,22,TOT,54,16,875,104,234,0.444,20,66,0.303,84,168,0.5,0.487,36,58,0.621,70,241,311,34,19,17,31,68,264
493,Noah Vonleh\vonleno01,PF,22,POR,33,12,476,47,96,0.49,2,6,0.333,45,90,0.5,0.5,23,31,0.742,35,132,167,13,6,11,15,42,119
493,Noah Vonleh\vonleno01,PF,22,CHI,21,4,399,57,138,0.413,18,60,0.3,39,78,0.5,0.478,13,27,0.481,35,109,144,21,13,6,16,26,145
494,Nikola Vucevic\vucevni01,C,27,ORL,57,57,1683,399,840,0.475,64,204,0.314,335,636,0.527,0.513,77,94,0.819,101,422,523,191,56,62,109,144,939
495,Dwyane Wade\wadedw01,SG,36,TOT,67,3,1536,299,682,0.438,32,111,0.288,267,571,0.468,0.462,135,189,0.714,50,202,252,228,61,47,140,124,765
495,Dwyane Wade\wadedw01,SG,36,CLE,46,3,1069,198,435,0.455,23,70,0.329,175,365,0.479,0.482,94,134,0.701,39,142,181,163,42,32,92,84,513
495,Dwyane Wade\wadedw01,SG,36,MIA,21,0,467,101,247,0.409,9,41,0.22,92,206,0.447,0.427,41,55,0.745,11,60,71,65,19,15,48,40,252
496,Dion Waiters\waitedi01,SG,26,MIA,30,30,918,163,410,0.398,52,170,0.306,111,240,0.463,0.461,51,69,0.739,8,69,77,113,23,9,70,61,429
497,Kemba Walker\walkeke02,PG,27,CHO,80,80,2736,588,1363,0.431,231,601,0.384,357,762,0.469,0.516,363,420,0.864,32,216,248,444,91,24,179,98,1770
498,John Wall\walljo01,PG,27,WAS,41,41,1410,280,667,0.42,62,167,0.371,218,500,0.436,0.466,175,241,0.726,22,128,150,393,57,45,158,80,797
499,Tyrone Wallace\wallaty01,PG,23,LAC,30,19,851,110,247,0.445,10,40,0.25,100,207,0.483,0.466,61,78,0.782,21,84,105,71,27,13,46,83,291
500,Taurean Waller-Prince\princta02,SF,23,ATL,82,82,2464,415,975,0.426,176,457,0.385,239,518,0.461,0.516,152,180,0.844,50,339,389,214,85,42,191,168,1158
501,Derrick Walton\waltode01,PG,22,MIA,16,0,147,8,25,0.32,7,17,0.412,1,8,0.125,0.46,6,6,1,2,14,16,16,7,3,2,7,29
502,Jameel Warney\warneja01,PF,24,DAL,3,0,27,7,12,0.583,0,0,,7,12,0.583,0.583,3,5,0.6,4,5,9,0,0,0,1,2,17
503,T.J. Warren\warretj01,SF,24,PHO,65,65,2142,529,1063,0.498,20,90,0.222,509,973,0.523,0.507,193,255,0.757,125,208,333,85,65,41,85,149,1271
504,Travis Wear\weartr01,SF,27,LAL,17,0,228,25,72,0.347,17,47,0.362,8,25,0.32,0.465,8,8,1,0,38,38,7,4,5,6,30,75
505,James Webb\webbja01,SF,24,BRK,10,0,120,6,24,0.25,4,19,0.211,2,5,0.4,0.333,0,0,,8,16,24,4,1,0,4,10,16
506,Briante Weber\weberbr01,PG,25,TOT,18,0,237,19,43,0.442,4,11,0.364,15,32,0.469,0.488,8,10,0.8,8,27,35,22,18,5,15,28,50
506,Briante Weber\weberbr01,PG,25,HOU,13,0,118,9,22,0.409,4,9,0.444,5,13,0.385,0.5,4,4,1,3,15,18,13,10,3,7,18,26
506,Briante Weber\weberbr01,PG,25,MEM,5,0,119,10,21,0.476,0,2,0,10,19,0.526,0.476,4,6,0.667,5,12,17,9,8,2,8,10,24
507,David West\westda01,C,37,GSW,73,0,999,216,378,0.571,3,8,0.375,213,370,0.576,0.575,60,79,0.759,64,174,238,138,47,75,80,120,495
508,Russell Westbrook\westbru01,PG,29,OKC,80,80,2914,757,1687,0.449,97,326,0.298,660,1361,0.485,0.477,417,566,0.737,152,652,804,820,147,20,381,200,2028
509,Andrew White\whitean01,SF,24,ATL,15,0,209,25,73,0.342,18,49,0.367,7,24,0.292,0.466,1,4,0.25,4,30,34,6,3,1,8,12,69
510,Derrick White\whitede01,PG,23,SAS,17,0,139,16,33,0.485,8,13,0.615,8,20,0.4,0.606,14,20,0.7,5,21,26,9,4,3,6,8,54
511,Okaro White\whiteok01,PF,25,MIA,6,4,80,7,16,0.438,4,11,0.364,3,5,0.6,0.563,2,3,0.667,3,8,11,2,1,1,1,6,20
512,Isaiah Whitehead\whiteis01,PG,22,BRK,16,0,180,40,86,0.465,7,18,0.389,33,68,0.485,0.506,13,19,0.684,4,22,26,20,8,2,24,23,100
513,Hassan Whiteside\whiteha01,C,28,MIA,54,54,1364,312,578,0.54,2,2,1,310,576,0.538,0.542,128,182,0.703,174,444,618,54,37,94,92,131,754
514,Andrew Wiggins\wiggian01,SF,22,MIN,82,82,2979,569,1300,0.438,112,338,0.331,457,962,0.475,0.481,202,314,0.643,82,276,358,160,91,51,138,163,1452
515,Jacob Wiley\wileyja01,PF,23,BRK,5,0,33,1,4,0.25,1,2,0.5,0,2,0,0.375,1,2,0.5,2,9,11,2,1,0,0,4,4
516,Damien Wilkins\wilkida02,SF,38,IND,19,1,152,13,39,0.333,4,18,0.222,9,21,0.429,0.385,3,4,0.75,5,11,16,9,2,1,5,7,33
517,Alan Williams\willial03,PF,25,PHO,5,0,70,7,18,0.389,0,0,,7,18,0.389,0.389,6,9,0.667,3,19,22,8,5,1,7,13,20
518,C.J. Williams\willicj01,SG,27,LAC,38,17,707,87,197,0.442,22,78,0.282,65,119,0.546,0.497,13,16,0.813,12,44,56,43,31,13,20,63,209
519,Derrick Williams\willide02,PF,26,LAL,2,0,9,1,4,0.25,0,2,0,1,2,0.5,0.25,0,0,,0,1,1,0,0,0,0,0,2
520,Lou Williams\willilo02,SG,31,LAC,79,19,2589,582,1337,0.435,186,518,0.359,396,819,0.484,0.505,432,491,0.88,40,158,198,417,85,19,234,106,1782
521,Marvin Williams\willima02,PF,31,CHO,78,78,2006,258,563,0.458,126,305,0.413,132,258,0.512,0.57,102,123,0.829,74,296,370,96,56,38,66,116,744
522,Matt Williams\willima05,SG,24,MIA,3,0,11,2,6,0.333,1,5,0.2,1,1,1,0.417,0,0,,0,1,1,0,0,0,1,1,5
523,Troy Williams\willitr02,SF,23,TOT,21,1,307,51,109,0.468,11,38,0.289,40,71,0.563,0.518,20,30,0.667,22,41,63,16,20,4,19,34,133
523,Troy Williams\willitr02,SF,23,HOU,4,0,17,2,9,0.222,0,5,0,2,4,0.5,0.222,1,3,0.333,1,3,4,1,1,0,1,2,5
523,Troy Williams\willitr02,SF,23,NYK,17,1,290,49,100,0.49,11,33,0.333,38,67,0.567,0.545,19,27,0.704,21,38,59,15,19,4,18,32,128
524,D.J. Wilson\wilsodj01,PF,21,MIL,22,0,71,9,16,0.563,2,5,0.4,7,11,0.636,0.625,1,2,0.5,2,8,10,3,3,1,4,7,21
525,Jamil Wilson\wilsoja02,SF,27,LAC,15,10,274,38,81,0.469,27,63,0.429,11,18,0.611,0.636,2,4,0.5,3,29,32,10,5,8,8,34,105
526,Justise Winslow\winslju01,PF,21,MIA,68,25,1680,207,488,0.424,49,129,0.38,158,359,0.44,0.474,66,104,0.635,64,306,370,148,54,33,77,140,529
527,Jeff Withey\witheje01,C,27,DAL,9,0,39,6,16,0.375,2,10,0.2,4,6,0.667,0.438,1,2,0.5,1,9,10,0,0,3,2,3,15
528,Nate Wolters\woltena01,PG,26,UTA,5,0,19,1,6,0.167,0,0,,1,6,0.167,0.167,0,0,,1,1,2,1,0,0,0,1,2
529,Brandan Wright\wrighbr03,PF,30,TOT,28,1,381,59,102,0.578,0,0,,59,102,0.578,0.578,21,33,0.636,33,62,95,13,13,26,8,32,139
529,Brandan Wright\wrighbr03,PF,30,MEM,27,1,366,57,99,0.576,0,0,,57,99,0.576,0.576,21,33,0.636,32,61,93,13,13,25,8,29,135
529,Brandan Wright\wrighbr03,PF,30,HOU,1,0,15,2,3,0.667,0,0,,2,3,0.667,0.667,0,0,,1,1,2,0,0,1,0,3,4
530,Delon Wright\wrighde01,PG,25,TOR,69,4,1433,201,432,0.465,56,153,0.366,145,279,0.52,0.53,97,117,0.829,45,153,198,200,72,33,78,81,555
531,Guerschon Yabusele\yabusgu01,PF,22,BOS,33,4,235,26,61,0.426,12,37,0.324,14,24,0.583,0.525,15,22,0.682,17,35,52,16,4,5,12,23,79
532,James Young\youngja01,SG,22,PHI,6,0,61,5,14,0.357,3,10,0.3,2,4,0.5,0.464,4,6,0.667,0,2,2,2,0,0,1,4,17
533,Joe Young\youngjo01,PG,25,IND,53,1,558,80,186,0.43,25,66,0.379,55,120,0.458,0.497,22,29,0.759,12,51,63,39,14,1,26,39,207
534,Nick Young\youngni01,SG,32,GSW,80,8,1393,201,488,0.412,123,326,0.377,78,162,0.481,0.538,56,65,0.862,20,105,125,36,38,7,39,100,581
535,Thaddeus Young\youngth01,PF,29,IND,81,81,2607,421,864,0.487,58,181,0.32,363,683,0.531,0.521,55,92,0.598,184,328,512,152,135,36,105,175,955
536,Cody Zeller\zelleco01,C,25,CHO,33,0,627,85,156,0.545,2,3,0.667,83,153,0.542,0.551,61,85,0.718,67,110,177,31,14,21,33,81,233
537,Tyler Zeller\zellety01,C,28,TOT,66,34,1109,187,334,0.56,10,28,0.357,177,306,0.578,0.575,57,79,0.722,110,195,305,47,15,35,47,126,441
537,Tyler Zeller\zellety01,C,28,BRK,42,33,703,125,229,0.546,10,26,0.385,115,203,0.567,0.568,40,60,0.667,63,131,194,28,8,21,35,78,300
537,Tyler Zeller\zellety01,C,28,MIL,24,1,406,62,105,0.59,0,2,0,62,103,0.602,0.59,17,19,0.895,47,64,111,19,7,14,12,48,141
538,Paul Zipser\zipsepa01,SF,23,CHI,54,12,824,81,234,0.346,37,110,0.336,44,124,0.355,0.425,19,25,0.76,13,118,131,46,20,15,43,86,218
539,Ante Zizic\zizican01,C,21,CLE,32,2,214,49,67,0.731,0,0,,49,67,0.731,0.731,21,29,0.724,24,36,60,5,2,13,11,30,119
540,Ivica Zubac\zubaciv01,C,20,LAL,43,0,410,61,122,0.5,0,1,0,61,121,0.504,0.5,39,51,0.765,45,78,123,25,8,15,26,47,161
