2.4009372109,0.4440576159
1.1760569971,0.2774456412
1.6349679609,0.5985708184
1.5510639375,0.3368581276
1.3863539349,0.3496934638
2.6295389648,0.3631791867
1.7608207422,0.3479999219
0,0.2235631966
1.423261627,0.138389525
2.0883988945,0.279712934
1.2206025,0.1641733747
0,0.1579980859
1.6280233594,0.2604635417
2.6654755859,0.4146782292
2.4999435677,0.4351966743
1.9207066667,0.3695751632
2.786953125,0.0839955516
2.3198751406,0.4861724953
2.8991691094,0.4802843862
2.5467635273,0.275311099
0,0.5092385221
3.0253634375,0.310192328
2.7671667613,0.3308497005
1.7103152813,0.1650106415
0,0.2405833648
1.423681875,0.2705718268
1.4483157188,0.2826364785
1.7738578613,0.3981284149
1.505169334,0.1116874993
2.0278107959,0.4170833735
0.7600129141,0.2166015104
1.5492884063,0.2677585375
1.3983174688,0.0789038438
0,0.392558569
2.6685760254,0.2862090638
1.3702155762,0.1340227452
2.3321382127,0.4839778789
2.3369958413,0.4979863854
1.9796215938,0.7422585935
1.7379873291,0.3345406458
2.3337680469,0.6811817008
1.5806472773,0.5764762349
4.5766757813,0.7158074427
2.1993497936,0.5273031491
2.3170938516,0.2724633449
2.8342289063,0.280966923
3.0738726217,0.2926968993
1.2445626445,0.4861359799
