model_index,formula,response,predictor,estimate,std.error,statistic.predictor,p.value.predictor,conf.low,conf.high,r.squared,adj.r.squared,sigma,statistic.model,p.value.model,df,logLik,AIC,BIC,deviance,df.residual,nobs,vif
2,weight ~ gained + mage + fage + habit,weight,(Intercept),6.2,0.28,22.26,0,5.66,6.75,0.04,0.03,1.44,8.14,0,4,-1442.33,2896.67,2924.85,1669.82,805,810,NA
2,weight ~ gained + mage + fage + habit,weight,gained,0.02,0,4.98,0,0.01,0.02,0.04,0.03,1.44,8.14,0,4,-1442.33,2896.67,2924.85,1669.82,805,810,1
2,weight ~ gained + mage + fage + habit,weight,mage,0,0.01,0.17,0.87,-0.02,0.03,0.04,0.03,1.44,8.14,0,4,-1442.33,2896.67,2924.85,1669.82,805,810,2.6
2,weight ~ gained + mage + fage + habit,weight,fage,0.01,0.01,1.15,0.25,-0.01,0.04,0.04,0.03,1.44,8.14,0,4,-1442.33,2896.67,2924.85,1669.82,805,810,2.6
2,weight ~ gained + mage + fage + habit,weight,habitsmoker,-0.33,0.17,-1.95,0.05,-0.65,0,0.04,0.03,1.44,8.14,0,4,-1442.33,2896.67,2924.85,1669.82,805,810,1
