"0","knitr::opts_chunk$set(echo = TRUE)"
"0","# library(projects)    # While we don't load it we use the YAML headings, style.CSS, and citations.bib files "
"0","                     # from its template with modifications, reporting of packages used is also available (see session info)"
"0","# library(renv)      # Version control of R packages used, loaded during set up of R project along with git"
"0","library(here)        # Directory navigation in R projects"
"2","here() starts at /Users/MacOne/Desktop/reg_lesson
"
"0","library(tidyverse) "
