sealID,Latitude,Longitude
5,49.4919,-124.6619
5,49.4919,-124.6619
5,49.4901,-124.6609
5,49.4925,-124.6541
5,49.5138,-124.5709
5,49.5122,-124.5687
5,49.5142,-124.5712
5,49.5132,-124.5706
5,49.5134,-124.5707
5,49.5137,-124.5711
5,49.5133,-124.5708
5,49.5134,-124.5707
5,49.5134,-124.5707
5,49.5134,-124.5707
5,49.513,-124.5703
5,49.5133,-124.5707
5,49.5157,-124.577
5,49.5153,-124.5772
5,49.5072,-124.6254
5,49.5068,-124.6252
5,49.507,-124.6294
5,49.5072,-124.6294
5,49.5074,-124.6247
5,49.5128,-124.5701
5,49.5133,-124.5699
5,49.513,-124.5702
5,49.5127,-124.5699
5,49.5129,-124.5701
5,49.5126,-124.5693
5,49.5135,-124.5692
5,49.5137,-124.571
5,49.5137,-124.5709
5,49.3778,-124.5356
5,49.3778,-124.5355
5,49.3777,-124.5355
5,49.3777,-124.5433
5,49.3782,-124.545
5,49.378,-124.5435
5,49.3748,-124.5318
5,49.3748,-124.5318
5,49.3764,-124.5328
5,49.3767,-124.5339
5,49.378,-124.5356
5,49.3778,-124.5375
5,49.3777,-124.5357
5,49.3776,-124.5349
5,49.3779,-124.5354
5,49.378,-124.5355
5,49.3779,-124.5358
5,49.3754,-124.5286
5,49.3757,-124.531
5,49.3753,-124.5315
5,49.3748,-124.5326
5,49.3748,-124.5319
5,49.3749,-124.532
5,49.3749,-124.5322
5,49.3749,-124.532
5,49.3748,-124.5318
5,49.5139,-124.5702
5,49.5134,-124.57
5,49.5138,-124.5706
5,49.514,-124.5706
5,49.514,-124.5702
5,49.5136,-124.5699
5,49.5133,-124.5702
5,49.513,-124.5701
5,49.5135,-124.5699
5,49.5134,-124.5699
5,49.5136,-124.5691
5,49.514,-124.57
5,49.5126,-124.57
5,49.5137,-124.5671
5,49.5135,-124.5694
5,49.5137,-124.5695
5,49.513,-124.5694
5,49.5131,-124.5693
5,49.5134,-124.5697
5,49.5136,-124.5696
5,49.5133,-124.5697
5,49.5135,-124.5697
5,49.5133,-124.5705
5,49.5135,-124.5711
5,49.513,-124.5697
5,49.5132,-124.5702
5,49.5134,-124.5709
5,49.5131,-124.5698
5,49.5141,-124.571
5,49.5133,-124.5709
5,49.513,-124.5701
5,49.513,-124.5697
5,49.5127,-124.5699
5,49.513,-124.5699
5,49.5133,-124.5697
5,49.5132,-124.5693
5,49.5136,-124.5697
5,49.5136,-124.5696
5,49.5134,-124.5711
5,49.5137,-124.5699
5,49.5135,-124.5698
5,49.5134,-124.5696
5,49.7396,-124.6368
5,49.7402,-124.6362
5,49.7398,-124.6372
5,49.7397,-124.6371
5,49.7399,-124.637
5,49.7402,-124.6363
5,49.8145,-124.6598
5,49.8147,-124.6596
5,49.8146,-124.6602
5,49.8372,-124.6685
5,49.8402,-124.6996
5,49.8396,-124.6995
5,49.8406,-124.7025
5,49.8401,-124.6994
5,49.8397,-124.6995
5,49.8397,-124.6994
5,49.8404,-124.6994
5,49.8395,-124.6993
5,49.8395,-124.6991
5,49.8395,-124.6996
5,49.8395,-124.6998
5,49.8393,-124.6993
5,49.8401,-124.6994
5,49.84,-124.6997
5,49.8399,-124.7
5,49.8399,-124.6994
5,49.84,-124.6995
5,49.8399,-124.6996
5,49.8399,-124.6997
5,49.8404,-124.6994
5,49.8405,-124.6996
5,49.8399,-124.6995
5,49.8398,-124.6996
5,49.8402,-124.6996
5,49.8397,-124.6996
5,49.8399,-124.6995
5,49.8397,-124.6995
5,49.8396,-124.6997
5,49.8398,-124.6995
5,49.8394,-124.6995
5,49.8395,-124.6997
5,49.8396,-124.6996
5,49.8397,-124.6994
5,49.8398,-124.6994
5,49.8142,-124.6594
5,49.8139,-124.6594
5,49.8139,-124.6593
5,49.8139,-124.6593
5,49.8138,-124.6591
5,49.8146,-124.6602
5,49.8143,-124.6596
5,49.8145,-124.6594
5,49.8146,-124.6597
5,49.8145,-124.6595
5,49.8141,-124.6592
5,49.814,-124.6592
5,49.8139,-124.6593
5,49.8138,-124.6592
5,49.814,-124.6592
5,49.8143,-124.6593
5,49.8146,-124.6591
5,49.8146,-124.6593
5,49.8146,-124.6598
5,49.814,-124.6603
5,49.8143,-124.66
5,49.8135,-124.6607
5,49.8144,-124.6597
5,49.814,-124.6592
5,49.8139,-124.6594
5,49.8143,-124.6591
5,49.813,-124.6594
5,49.8141,-124.6601
5,49.8144,-124.6603
5,49.8138,-124.6603
5,49.7696,-124.3324
5,49.7688,-124.3324
5,49.7666,-124.3175
5,49.7436,-124.2922
5,49.7074,-124.3136
5,49.705,-124.299
5,49.7029,-124.2841
5,49.6987,-124.2705
5,49.6946,-124.2606
5,49.6867,-124.2455
5,49.6796,-124.2321
5,49.6717,-124.2231
5,49.6343,-124.1484
5,49.6281,-124.1312
5,49.6181,-124.1107
5,49.6124,-124.099
5,49.6072,-124.0921
5,49.5652,-124.0471
5,49.5454,-124.0258
5,49.5377,-124.0091
5,49.5311,-123.9887
5,49.5268,-123.9844
5,49.5226,-123.9825
5,49.4764,-123.9086
5,49.4677,-123.89
5,49.4641,-123.8842
5,49.4629,-123.8821
5,49.4592,-123.8725
5,49.4575,-123.8685
5,49.4332,-123.7164
5,49.4293,-123.7033
5,49.4274,-123.6962
5,49.425,-123.6896
5,49.4234,-123.6835
5,49.4215,-123.6775
5,49.4191,-123.6731
5,49.4156,-123.6672
5,49.4085,-123.6521
5,49.408,-123.6501
5,49.4086,-123.646
5,49.2302,-123.9167
5,49.2302,-123.9168
5,49.2881,-124.0721
5,49.2902,-124.0743
5,49.2922,-124.0792
5,49.2929,-124.0807
5,49.2934,-124.0821
5,49.2931,-124.0824
5,49.2932,-124.0824
5,49.293,-124.0821
5,49.2912,-124.0833
5,49.2929,-124.082
5,49.2925,-124.0822
5,49.2932,-124.0832
5,49.2932,-124.083
5,49.2934,-124.083
5,49.2933,-124.0831
5,49.2922,-124.0853
5,49.2929,-124.0865
5,49.2924,-124.0853
5,49.2925,-124.0854
5,49.2914,-124.086
5,49.2924,-124.0856
5,49.2923,-124.0854
5,49.2924,-124.0852
5,49.2914,-124.0859
5,49.2927,-124.0802
5,49.293,-124.082
5,49.2928,-124.082
5,49.2932,-124.0816
5,49.2932,-124.082
5,49.2932,-124.0821
5,49.2935,-124.0826
5,49.2929,-124.0822
5,49.2933,-124.0833
5,49.2931,-124.0832
5,49.2923,-124.0852
5,49.2921,-124.0854
5,49.2922,-124.0855
5,49.2935,-124.0883
5,49.2924,-124.0854
5,49.2925,-124.0856
5,49.2922,-124.0854
5,49.2932,-124.0824
5,49.2915,-124.0816
5,49.2914,-124.0816
5,49.2915,-124.0817
5,49.2914,-124.0818
5,49.2915,-124.0817
5,49.2933,-124.0831
5,49.2932,-124.0834
5,49.2933,-124.0832
5,49.2931,-124.0832
5,49.2922,-124.0855
5,49.2922,-124.0854
5,49.2923,-124.0853
5,49.2923,-124.0855
5,49.2923,-124.0853
5,49.2897,-124.0741
5,49.29,-124.0741
5,49.2923,-124.0853
5,49.2923,-124.0855
5,49.2922,-124.0856
5,49.2925,-124.0853
5,49.2923,-124.0855
5,49.2916,-124.0853
5,49.2915,-124.0857
5,49.2932,-124.0825
5,49.2934,-124.0825
5,49.2933,-124.0826
5,49.2935,-124.0829
5,49.2934,-124.0825
5,49.2933,-124.0826
5,49.2932,-124.0824
5,49.2932,-124.0824
5,49.2931,-124.0834
5,49.2931,-124.0833
5,49.2933,-124.0831
5,49.2923,-124.0851
5,49.2953,-124.0884
5,49.2952,-124.0881
5,49.2953,-124.0881
5,49.3707,-124.498
5,49.3709,-124.497
5,49.3777,-124.5357
5,49.3778,-124.5356
5,49.3778,-124.5355
5,49.3781,-124.5379
5,49.3781,-124.5448
5,49.3779,-124.5434
5,49.378,-124.5432
5,49.5136,-124.5704
5,49.5134,-124.5704
5,49.513,-124.5697
5,49.5131,-124.5702
5,49.5134,-124.5704
5,49.5132,-124.5702
5,49.513,-124.5702
5,49.5131,-124.5699
5,49.484,-124.6445
5,49.4841,-124.6449
5,49.484,-124.6463
5,49.484,-124.6463
5,49.4839,-124.6464
5,49.484,-124.6467
5,49.4838,-124.6463
5,49.4839,-124.6463
5,49.4853,-124.6419
5,49.4839,-124.6459
5,49.4839,-124.6462
5,49.4843,-124.6465
5,49.484,-124.6461
5,49.4838,-124.6464
5,49.4843,-124.6463
5,49.4839,-124.6464
5,49.4838,-124.645
5,49.4836,-124.6467
5,49.4842,-124.6451
5,49.484,-124.645
5,49.484,-124.6449
5,49.4839,-124.645
5,49.4843,-124.6467
5,49.4835,-124.6467
5,49.4836,-124.6465
5,49.4836,-124.6466
5,49.4898,-124.6552
5,49.4898,-124.6552
5,49.4899,-124.655
5,49.4899,-124.6554
5,49.49,-124.6553
5,49.4899,-124.6552
5,49.4898,-124.6552
5,49.4898,-124.6552
5,49.4898,-124.6553
5,49.4889,-124.6522
5,49.4842,-124.6452
5,49.4835,-124.6463
5,49.484,-124.6451
5,49.4838,-124.6469
5,49.4837,-124.6469
5,49.4841,-124.6451
5,49.4838,-124.6469
5,49.4835,-124.647
5,49.4835,-124.6468
5,49.4832,-124.6466
5,49.4835,-124.6467
5,49.4836,-124.6466
5,49.4838,-124.6449
5,49.4836,-124.6467
5,49.4836,-124.6468
5,49.4836,-124.6468
5,49.4836,-124.6467
5,49.4835,-124.6466
5,49.484,-124.6464
5,49.484,-124.6461
5,49.4837,-124.6466
5,49.4841,-124.6449
5,49.4839,-124.6448
5,49.4841,-124.6448
5,49.4841,-124.6447
5,49.4839,-124.6452
5,49.4839,-124.6451
5,49.484,-124.6451
5,49.4834,-124.6468
5,49.484,-124.6447
5,49.4839,-124.6448
5,49.4828,-124.6449
5,49.484,-124.6449
5,49.484,-124.6449
5,49.4841,-124.645
5,49.484,-124.6453
5,49.4847,-124.6411
5,49.4841,-124.645
5,49.4837,-124.6462
5,49.4842,-124.6452
5,49.4841,-124.6451
5,49.4842,-124.6449
5,49.4836,-124.6478
5,49.4837,-124.6476
5,49.4835,-124.6477
5,49.4835,-124.6478
5,49.4835,-124.6477
5,49.4837,-124.6462
5,49.4839,-124.6451
5,49.4839,-124.6451
5,49.4839,-124.6449
5,49.4837,-124.6449
5,49.4835,-124.6451
5,49.4839,-124.6451
5,49.4836,-124.6461
5,49.4837,-124.6458
5,49.4837,-124.6462
5,49.4838,-124.6463
5,49.484,-124.6461
5,49.484,-124.6461
5,49.484,-124.646
5,49.4835,-124.647
5,49.4836,-124.6467
5,49.484,-124.6447
5,49.4838,-124.645
5,49.4838,-124.6448
5,49.4839,-124.6449
5,49.4839,-124.6447
5,49.4838,-124.6465
5,49.4839,-124.6462
5,49.484,-124.6462
5,49.4841,-124.6449
5,49.4836,-124.6459
5,49.4838,-124.6449
5,49.484,-124.6449
5,49.4841,-124.6449
5,49.4839,-124.6462
5,49.4837,-124.6455
5,49.4834,-124.6476
5,49.4834,-124.6473
5,49.484,-124.6448
5,49.4841,-124.6458
5,49.4842,-124.6461
5,49.4841,-124.6463
5,49.4839,-124.6452
5,49.4842,-124.6447
5,49.4838,-124.6451
5,49.4837,-124.6448
5,49.4835,-124.6469
5,49.4836,-124.647
5,49.4841,-124.6453
5,49.4839,-124.6444
5,49.4846,-124.6465
5,49.4839,-124.6449
5,49.484,-124.6455
5,49.4839,-124.6462
5,49.4839,-124.6459
5,49.484,-124.6461
5,49.484,-124.6461
5,49.4847,-124.6467
5,49.4842,-124.6459
5,49.4841,-124.6464
5,49.4841,-124.6461
5,49.484,-124.6458
5,49.4841,-124.646
5,49.4841,-124.6449
5,49.4841,-124.6448
5,49.4841,-124.6449
5,49.4839,-124.6444
5,49.4841,-124.6445
5,49.4841,-124.6444
5,49.4841,-124.6449
5,49.4839,-124.6448
5,49.484,-124.6449
5,49.4836,-124.6451
5,49.484,-124.6451
5,49.4841,-124.6451
5,49.4839,-124.6454
5,49.4839,-124.649
5,49.4839,-124.6449
5,49.4837,-124.6456
5,49.4841,-124.6451
5,49.484,-124.6454
5,49.4842,-124.6492
5,49.4838,-124.6452
5,49.4839,-124.6452
5,49.4838,-124.6452
5,49.484,-124.645
5,49.4839,-124.6451
5,49.484,-124.6451
5,49.4837,-124.6452
5,49.4841,-124.6451
5,49.4838,-124.6451
5,49.4838,-124.645
5,49.484,-124.6449
5,49.4836,-124.6449
5,49.4845,-124.6464
5,49.4846,-124.647
5,49.4846,-124.6463
5,49.4846,-124.6472
5,49.4849,-124.6476
5,49.4848,-124.6476
5,49.4848,-124.6477
5,49.4843,-124.6468
5,49.4844,-124.6468
5,49.4842,-124.6461
5,49.4844,-124.6454
5,49.4838,-124.6452
5,49.4838,-124.6451
5,49.4841,-124.6448
5,49.484,-124.6451
5,49.4839,-124.6451
5,49.4841,-124.6452
5,49.4837,-124.6466
5,49.484,-124.6452
5,49.4841,-124.6454
5,49.4842,-124.6454
5,49.4839,-124.6463
5,49.4841,-124.6465
5,49.4841,-124.6451
5,49.4841,-124.6454
5,49.5133,-124.5704
5,49.5132,-124.5702
5,49.5134,-124.5703
5,49.5135,-124.5702
5,49.5133,-124.5701
5,49.5134,-124.5701
5,49.5134,-124.5702
5,49.5132,-124.5698
5,49.5132,-124.5695
5,49.5134,-124.5698
5,49.7511,-124.2801
5,49.7507,-124.28
5,49.7505,-124.28
5,49.7501,-124.2798
5,49.7503,-124.2797
5,49.7502,-124.2798
5,49.7502,-124.2798
5,49.7502,-124.2799
5,49.7501,-124.2788
5,49.7505,-124.2794
5,49.7505,-124.2795
5,49.7503,-124.2793
5,49.7504,-124.2794
5,49.7504,-124.2795
5,49.744,-124.2925
5,49.8147,-124.6594
5,49.8142,-124.6595
5,49.8145,-124.6591
5,49.8142,-124.6596
5,49.8143,-124.6596
5,49.814,-124.6595
5,49.8138,-124.6591
5,49.8143,-124.6595
5,49.8137,-124.6589
5,49.8136,-124.6591
5,49.8138,-124.6588
5,49.8141,-124.6591
5,49.8141,-124.6595
5,49.8455,-124.6507
5,49.814,-124.6592
5,49.8133,-124.6597
5,49.8138,-124.6591
5,49.8146,-124.6596
5,49.8146,-124.6596
5,49.8145,-124.6596
5,49.8143,-124.6597
5,49.8146,-124.6595
5,49.8142,-124.6592
5,49.8137,-124.6592
5,49.8146,-124.6598
5,49.8145,-124.6595
5,49.8145,-124.6596
5,49.8138,-124.659
5,49.8139,-124.6593
5,49.8143,-124.6593
5,49.8147,-124.6595
5,49.8144,-124.6593
5,49.8141,-124.659
5,49.8137,-124.6598
5,49.8139,-124.6596
5,49.8138,-124.6602
5,49.814,-124.6586
5,49.8136,-124.6582
5,49.814,-124.6585
5,49.8132,-124.6595
5,49.8139,-124.6589
5,49.8138,-124.6592
5,49.8146,-124.6594
5,49.8144,-124.6596
5,49.8144,-124.6598
5,49.8145,-124.6595
5,49.8141,-124.6591
5,49.8142,-124.6588
5,49.8145,-124.6595
5,49.8144,-124.6592
5,49.8144,-124.6592
5,49.8138,-124.6592
5,49.8137,-124.6605
5,49.8144,-124.6602
5,49.8145,-124.6599
5,49.8146,-124.6595
5,49.8145,-124.6595
5,49.8136,-124.6585
5,49.8136,-124.6584
5,49.8138,-124.6582
5,49.8135,-124.6581
5,49.8142,-124.6605
5,49.8147,-124.6588
5,49.8143,-124.6595
5,49.8143,-124.6597
5,49.8143,-124.6595
5,49.8142,-124.6597
5,49.8148,-124.6596
5,49.8135,-124.66
5,49.8144,-124.6596
5,49.8147,-124.6599
5,49.814,-124.6603
5,49.8141,-124.66
5,49.8143,-124.6596
5,49.8135,-124.6603
5,49.8141,-124.6603
5,49.8146,-124.6599
5,49.814,-124.6602
5,49.8144,-124.6593
5,49.8144,-124.6595
5,49.8135,-124.6607
5,49.8133,-124.6603
5,49.8132,-124.6606
5,49.8136,-124.6596
5,49.814,-124.6596
5,49.8138,-124.6593
5,49.8139,-124.6595
5,49.8141,-124.6591
5,49.8143,-124.6589
5,49.8138,-124.6593
5,49.8141,-124.6591
5,49.8132,-124.6599
5,49.8135,-124.6604
5,49.8145,-124.66
5,49.8142,-124.6592
5,49.8141,-124.6592
5,49.8145,-124.66
5,49.8146,-124.6599
5,49.8139,-124.6605
5,49.8142,-124.6597
5,49.8132,-124.6593
5,49.8137,-124.6593
5,49.8139,-124.6596
5,49.8139,-124.6594
5,49.8144,-124.6595
5,49.8143,-124.6593
5,49.8144,-124.6592
5,49.8138,-124.659
5,49.8146,-124.6595
5,49.8149,-124.6596
5,49.8141,-124.6614
5,49.8148,-124.6595
5,49.8149,-124.6596
5,49.8134,-124.6594
5,49.813,-124.6594
5,49.8134,-124.6595
5,49.8148,-124.6598
5,49.8139,-124.6589
5,49.8138,-124.6586
5,49.8137,-124.6584
5,49.8138,-124.6587
5,49.8138,-124.6584
5,49.8144,-124.6594
5,49.8139,-124.6589
5,49.8144,-124.6595
5,49.8144,-124.6595
5,49.8134,-124.6599
5,49.8139,-124.6591
5,49.8138,-124.6593
5,49.8138,-124.6594
5,49.814,-124.6594
5,49.8139,-124.6597
5,49.814,-124.6597
5,49.814,-124.6596
5,49.814,-124.6593
5,49.8142,-124.6592
5,49.8145,-124.6594
5,49.8144,-124.6592
5,49.8144,-124.6592
5,49.8143,-124.6595
5,49.8142,-124.6594
5,49.8135,-124.6602
5,49.5132,-124.5697
5,49.5137,-124.5699
5,49.5175,-124.5586
5,49.5137,-124.5691
5,49.5137,-124.5697
5,49.5135,-124.57
5,49.5139,-124.5701
5,49.5138,-124.5699
5,49.5136,-124.5698
5,49.4862,-124.4344
5,49.4863,-124.4343
5,49.4872,-124.4374
5,49.4865,-124.4346
5,49.4859,-124.4349
5,49.4865,-124.4348
5,49.4861,-124.4345
5,49.486,-124.4343
5,49.4863,-124.4345
5,49.3779,-124.5357
5,49.378,-124.5356
5,49.3779,-124.5358
5,49.3778,-124.5355
5,49.3747,-124.5321
5,49.3748,-124.531
5,49.3753,-124.533
5,49.3776,-124.5349
5,49.3745,-124.5302
5,49.3754,-124.5306
5,49.3764,-124.5334
5,49.377,-124.5343
5,49.3747,-124.5298
5,49.5307,-124.3824
5,49.5309,-124.3822
5,49.4863,-124.4344
5,49.4861,-124.4349
5,49.4868,-124.4349
5,49.4864,-124.4346
5,49.4863,-124.4345
5,49.8145,-124.6597
5,49.8143,-124.6599
5,49.8142,-124.6597
5,49.8143,-124.6592
5,49.8138,-124.6591
5,49.8137,-124.6586
5,49.8135,-124.659
5,49.814,-124.6587
5,49.8138,-124.6586
5,49.8138,-124.6584
5,49.8139,-124.6584
5,49.8141,-124.6587
5,49.8138,-124.659
5,49.8138,-124.6591
5,49.8145,-124.6595
5,49.8144,-124.6598
5,49.8146,-124.66
5,49.8146,-124.6599
5,49.8144,-124.66
5,49.8145,-124.66
5,49.8138,-124.6592
5,49.814,-124.6592
5,49.8141,-124.6586
5,49.8142,-124.6592
5,49.8143,-124.6591
5,49.8124,-124.6628
5,49.8141,-124.6592
5,49.8143,-124.6593
5,49.8143,-124.6592
5,49.8143,-124.6596
5,49.815,-124.6593
5,49.8142,-124.6596
5,49.8136,-124.6591
5,49.814,-124.6601
5,49.814,-124.6591
5,49.8142,-124.6591
5,49.8142,-124.6594
5,49.8144,-124.6593
5,49.8144,-124.6593
5,49.8144,-124.6594
5,49.8139,-124.6593
5,49.8143,-124.6595
17,49.3991,-124.6065
17,49.3988,-124.6066
17,49.3956,-124.6007
17,49.3952,-124.601
17,49.3957,-124.6024
17,49.3958,-124.6021
17,49.3961,-124.602
17,49.3961,-124.6021
17,49.3951,-124.6008
17,49.3949,-124.6017
17,49.395,-124.6028
17,49.3953,-124.6025
17,49.4,-124.6055
17,49.3988,-124.6084
17,49.4002,-124.6053
17,49.3997,-124.6054
17,49.3995,-124.6051
17,49.3994,-124.6052
17,49.3991,-124.6048
17,49.3994,-124.605
17,49.3999,-124.6048
17,49.3994,-124.6051
17,49.3995,-124.6053
17,49.3995,-124.6053
17,49.3995,-124.6053
17,49.3996,-124.6052
17,49.3996,-124.6053
17,49.3995,-124.6055
17,49.3989,-124.6087
17,49.3995,-124.6054
17,49.3779,-124.5428
17,49.3783,-124.5424
17,49.378,-124.5424
17,49.3783,-124.5427
17,49.3781,-124.5428
17,49.3781,-124.5432
17,49.3777,-124.5431
17,49.3772,-124.5431
17,49.3772,-124.5433
17,49.3775,-124.5432
17,49.3771,-124.543
17,49.3816,-124.5449
17,49.3816,-124.5464
17,49.3818,-124.5479
17,49.4115,-124.5452
17,49.3992,-124.6082
17,49.3994,-124.6052
17,49.3992,-124.6083
17,49.3991,-124.6083
17,49.3991,-124.6082
17,49.3986,-124.609
17,49.3988,-124.6082
17,49.3994,-124.6059
17,49.3994,-124.6056
17,49.3986,-124.6089
17,49.4002,-124.6073
17,49.3994,-124.6053
17,49.3995,-124.6055
17,49.3995,-124.6054
17,49.3994,-124.6054
17,49.3987,-124.6084
17,49.3987,-124.6086
17,49.3987,-124.6086
17,49.3985,-124.6087
17,49.3985,-124.6087
17,49.3987,-124.6077
17,49.3986,-124.6086
17,49.3995,-124.6053
17,49.3995,-124.6053
17,49.3995,-124.6055
17,49.3989,-124.6045
17,49.3989,-124.6046
17,49.3991,-124.6087
17,49.3991,-124.6084
17,49.3989,-124.6086
17,49.3986,-124.6085
17,49.3991,-124.6062
17,49.3995,-124.6057
17,49.402,-124.61
17,49.3993,-124.6069
17,49.3985,-124.6088
17,49.3985,-124.6088
17,49.3987,-124.6086
17,49.398,-124.6092
17,49.3993,-124.6083
17,49.3995,-124.6055
17,49.3994,-124.6054
17,49.3957,-124.6012
17,49.3979,-124.6033
17,49.399,-124.604
17,49.3989,-124.6041
17,49.3988,-124.6044
17,49.3987,-124.6044
17,49.3987,-124.6045
17,49.3988,-124.6044
17,49.3995,-124.6051
17,49.3996,-124.6051
17,49.3996,-124.6055
17,49.3996,-124.6053
17,49.3994,-124.606
17,49.3996,-124.6087
17,49.3989,-124.6058
17,49.3988,-124.606
17,49.3989,-124.6056
17,49.3938,-124.5683
17,49.3986,-124.6086
17,49.3994,-124.6062
17,49.3996,-124.6053
17,49.3993,-124.6054
17,49.3993,-124.6051
17,49.3995,-124.6052
17,49.3997,-124.6056
17,49.3986,-124.6086
17,49.3984,-124.609
17,49.3987,-124.6086
17,49.3988,-124.6084
17,49.3985,-124.609
17,49.3782,-124.5424
17,49.3785,-124.5426
17,49.3782,-124.5423
17,49.378,-124.5428
17,49.378,-124.5429
17,49.3776,-124.5428
17,49.3774,-124.5429
17,49.378,-124.5468
17,49.3779,-124.5464
17,49.378,-124.5468
17,49.3791,-124.5549
17,49.3858,-124.5841
17,49.3993,-124.6069
17,49.3994,-124.6067
17,49.3981,-124.605
17,49.399,-124.6061
17,49.3991,-124.6077
17,49.3989,-124.6056
17,49.3984,-124.6087
17,49.3994,-124.6054
17,49.3993,-124.6056
17,49.3994,-124.6054
17,49.3994,-124.6054
17,49.3994,-124.6053
17,49.3988,-124.6045
17,49.3989,-124.6043
17,49.3965,-124.6014
17,49.3965,-124.6016
17,49.3965,-124.6015
17,49.4,-124.605
17,49.3998,-124.6051
17,49.3994,-124.6048
17,49.4001,-124.6057
17,49.4005,-124.6062
17,49.4003,-124.6072
17,49.3997,-124.6053
17,49.3988,-124.6057
17,49.3993,-124.6064
17,49.399,-124.6057
17,49.3988,-124.6053
17,49.4027,-124.6032
17,49.4033,-124.6099
17,49.399,-124.6079
17,49.3993,-124.6058
17,49.3986,-124.6087
17,49.3983,-124.6081
17,49.3987,-124.6085
17,49.3993,-124.6055
17,49.3994,-124.6056
17,49.3995,-124.6054
17,49.3995,-124.6056
17,49.3994,-124.6057
17,49.3996,-124.6054
17,49.3997,-124.6055
17,49.3993,-124.6057
17,49.399,-124.6049
17,49.3989,-124.605
17,49.3988,-124.6046
17,49.399,-124.6047
17,49.3988,-124.6041
17,49.3988,-124.6042
17,49.3988,-124.6041
17,49.3988,-124.6041
17,49.3988,-124.6039
17,49.3988,-124.604
17,49.4018,-124.6067
17,49.4035,-124.6125
17,49.4012,-124.6061
17,49.4072,-124.6022
17,49.3996,-124.6054
17,49.3999,-124.607
17,49.4007,-124.6059
17,49.3998,-124.6056
17,49.4006,-124.6069
17,49.4018,-124.6077
17,49.4232,-124.5886
17,49.3994,-124.6052
17,49.3985,-124.6087
17,49.3984,-124.6092
17,49.3984,-124.6087
17,49.3985,-124.6086
17,49.3988,-124.6087
17,49.3992,-124.6054
17,49.3996,-124.6052
17,49.3995,-124.6054
17,49.3996,-124.6054
17,49.3994,-124.6053
17,49.3997,-124.6053
17,49.3986,-124.6044
17,49.4009,-124.6054
17,49.4003,-124.6051
17,49.4006,-124.6053
17,49.4003,-124.6051
17,49.4002,-124.6055
17,49.4003,-124.6052
17,49.4005,-124.6055
17,49.3998,-124.6054
17,49.3994,-124.6068
17,49.3986,-124.6087
17,49.4022,-124.6096
17,49.3989,-124.6079
17,49.3984,-124.609
17,49.3982,-124.6107
17,49.3997,-124.6082
17,49.3984,-124.6084
17,49.3992,-124.6053
17,49.3992,-124.6054
17,49.3992,-124.6053
17,49.4013,-124.6068
17,49.4001,-124.6049
17,49.3997,-124.6053
17,49.3987,-124.6085
17,49.3986,-124.6086
17,49.3984,-124.6093
17,49.3984,-124.6093
17,49.3984,-124.6087
17,49.3984,-124.6089
17,49.3991,-124.608
17,49.3993,-124.6053
17,49.3993,-124.6053
17,49.3994,-124.6054
17,49.3994,-124.6052
17,49.4003,-124.6058
17,49.4004,-124.6056
17,49.4005,-124.6057
17,49.4003,-124.6055
17,49.4004,-124.6056
17,49.4002,-124.6058
17,49.3996,-124.6069
17,49.3995,-124.6056
17,49.3996,-124.6066
17,49.3986,-124.6085
17,49.3984,-124.6086
17,49.3984,-124.6088
17,49.3984,-124.6087
17,49.3984,-124.6085
17,49.3986,-124.6087
17,49.3987,-124.6089
17,49.3993,-124.6079
17,49.3994,-124.6054
17,49.3995,-124.6055
17,49.3995,-124.6055
17,49.3995,-124.6055
17,49.3996,-124.6054
17,49.3995,-124.6051
17,49.3994,-124.6052
17,49.3993,-124.6056
17,49.3996,-124.6051
17,49.3996,-124.6051
17,49.3995,-124.6055
17,49.3994,-124.6053
17,49.3997,-124.6052
17,49.3986,-124.6087
17,49.3985,-124.6088
17,49.3983,-124.6091
17,49.3985,-124.6088
17,49.3983,-124.6096
17,49.3998,-124.6057
17,49.3991,-124.6082
17,49.3993,-124.6077
17,49.3992,-124.6073
17,49.3995,-124.605
17,49.3992,-124.6052
17,49.3995,-124.6052
17,49.3997,-124.6054
17,49.4011,-124.6067
17,49.4012,-124.6074
17,49.4011,-124.6072
17,49.4008,-124.6064
17,49.3994,-124.6066
17,49.3996,-124.6054
17,49.3999,-124.6064
17,49.4001,-124.6049
17,49.3995,-124.6053
17,49.3996,-124.6053
17,49.3995,-124.6051
17,49.3995,-124.6054
17,49.3996,-124.6053
17,49.3995,-124.6053
17,49.3994,-124.6077
17,49.3986,-124.6086
17,49.3984,-124.6086
17,49.3983,-124.6087
17,49.3997,-124.6073
17,49.4004,-124.6063
17,49.3993,-124.6053
17,49.3999,-124.6053
17,49.3991,-124.6053
17,49.3996,-124.6055
17,49.3997,-124.6078
17,49.3992,-124.6081
17,49.4004,-124.6072
17,49.4005,-124.6073
17,49.4006,-124.6075
17,49.4005,-124.6074
17,49.3995,-124.6055
17,49.3996,-124.6056
17,49.3996,-124.6052
17,49.3995,-124.6053
17,49.3994,-124.6056
17,49.3998,-124.6065
17,49.4002,-124.6063
17,49.3997,-124.6051
17,49.3997,-124.6053
17,49.3992,-124.6057
17,49.3992,-124.6058
17,49.3985,-124.6087
17,49.3986,-124.6085
17,49.3982,-124.6096
17,49.3992,-124.6084
17,49.3985,-124.6094
17,49.399,-124.6057
17,49.3993,-124.6059
17,49.3993,-124.6053
17,49.3995,-124.6055
17,49.3989,-124.6084
17,49.399,-124.6086
17,49.3989,-124.6054
17,49.3986,-124.6088
17,49.3986,-124.6084
17,49.398,-124.609
17,49.3985,-124.6083
17,49.399,-124.6085
17,49.3995,-124.6066
17,49.4,-124.6053
17,49.3997,-124.6048
17,49.3997,-124.6055
17,49.4007,-124.6055
17,49.3994,-124.605
17,49.3994,-124.6071
17,49.4011,-124.6064
17,49.3996,-124.6076
17,49.3993,-124.6052
17,49.3994,-124.6053
17,49.3995,-124.6056
17,49.3994,-124.6061
17,49.3996,-124.6055
17,49.3996,-124.6053
17,49.3994,-124.6054
17,49.3994,-124.6054
17,49.3994,-124.6053
17,49.3995,-124.6054
17,49.3996,-124.6053
17,49.3994,-124.6053
17,49.3985,-124.6086
17,49.3983,-124.6092
17,49.3986,-124.6089
17,49.3993,-124.6065
17,49.3992,-124.6062
17,49.3993,-124.6053
17,49.3995,-124.6053
17,49.3779,-124.5423
17,49.3778,-124.5426
17,49.3781,-124.5425
17,49.3777,-124.5427
17,49.3782,-124.5434
17,49.3781,-124.5428
17,49.3783,-124.5433
17,49.3776,-124.5433
17,49.3773,-124.5432
17,49.3774,-124.5432
17,49.3772,-124.5431
17,49.3772,-124.5429
17,49.3776,-124.5429
17,49.3772,-124.5434
17,49.3768,-124.5432
17,49.3773,-124.5433
17,49.3767,-124.543
17,49.3787,-124.5432
17,49.3996,-124.6077
17,49.3999,-124.6076
17,49.3996,-124.6056
17,49.3996,-124.6053
17,49.3993,-124.6055
17,49.3995,-124.6055
17,49.3996,-124.6054
17,49.3991,-124.6076
17,49.3986,-124.6086
17,49.3985,-124.6087
17,49.4,-124.6086
17,49.3998,-124.6076
17,49.3993,-124.6055
17,49.3994,-124.6055
17,49.3995,-124.6054
17,49.3994,-124.6054
17,49.4002,-124.6049
17,49.4001,-124.605
17,49.4002,-124.605
17,49.4004,-124.6048
17,49.4004,-124.605
17,49.4002,-124.6048
17,49.4004,-124.6047
17,49.4004,-124.6053
17,49.4008,-124.6056
17,49.4011,-124.6055
17,49.4003,-124.6066
17,49.3995,-124.6055
17,49.3983,-124.6091
17,49.3983,-124.6083
17,49.3985,-124.6091
17,49.3992,-124.6087
17,49.3989,-124.6081
17,49.3993,-124.6053
17,49.4003,-124.605
17,49.4001,-124.6054
17,49.3996,-124.6054
17,49.3993,-124.6055
17,49.3995,-124.6052
17,49.3997,-124.6055
17,49.3993,-124.6062
17,49.3992,-124.6066
17,49.3994,-124.6065
17,49.3993,-124.6066
17,49.4021,-124.6093
17,49.4043,-124.6083
17,49.4109,-124.6004
17,49.3984,-124.6087
17,49.398,-124.6093
17,49.3985,-124.6092
17,49.3986,-124.6086
17,49.3987,-124.6088
17,49.3994,-124.6087
17,49.3992,-124.6059
17,49.3987,-124.6052
17,49.3987,-124.6057
17,49.3989,-124.6056
17,49.3988,-124.6055
17,49.3995,-124.6056
17,49.4002,-124.605
17,49.4005,-124.6048
17,49.4005,-124.6051
17,49.3992,-124.605
17,49.399,-124.6048
17,49.3993,-124.6054
17,49.3994,-124.6053
17,49.3992,-124.6061
17,49.4,-124.608
17,49.4022,-124.6097
17,49.3994,-124.6073
17,49.3988,-124.6087
17,49.3986,-124.6086
17,49.3995,-124.6063
17,49.399,-124.6088
17,49.4003,-124.6054
17,49.3993,-124.6087
17,49.4006,-124.6064
17,49.3998,-124.6069
17,49.3996,-124.6066
17,49.3996,-124.6058
17,49.3992,-124.6056
17,49.3992,-124.6071
17,49.3995,-124.6054
17,49.4,-124.6063
17,49.4002,-124.6053
17,49.3984,-124.6087
17,49.3986,-124.6084
17,49.3994,-124.6083
17,49.3994,-124.6054
17,49.3991,-124.6078
17,49.3999,-124.6054
17,49.3992,-124.6063
17,49.3996,-124.6054
17,49.3994,-124.6056
17,49.3997,-124.6057
17,49.3998,-124.6071
17,49.3995,-124.6054
17,49.3994,-124.6056
17,49.3994,-124.6052
17,49.3992,-124.6053
17,49.3994,-124.6055
17,49.4005,-124.6064
17,49.3994,-124.6056
17,49.3974,-124.6036
17,49.3963,-124.6025
17,49.3965,-124.6022
17,49.3963,-124.6026
17,49.397,-124.6031
17,49.3963,-124.6019
17,49.3994,-124.6055
17,49.3995,-124.6072
17,49.3995,-124.6055
17,49.3994,-124.605
17,49.3991,-124.605
17,49.3994,-124.6054
17,49.3991,-124.6055
17,49.4005,-124.6061
17,49.3999,-124.6068
17,49.3995,-124.6052
17,49.3996,-124.6056
17,49.3996,-124.6051
17,49.3994,-124.6052
17,49.3995,-124.6052
17,49.3997,-124.6054
17,49.3998,-124.6052
17,49.3996,-124.6053
17,49.3995,-124.6054
17,49.3995,-124.6054
17,49.3995,-124.6054
17,49.4013,-124.6043
17,49.4058,-124.598
17,49.4132,-124.5886
17,49.4019,-124.6076
17,49.3992,-124.606
17,49.3987,-124.6081
17,49.3989,-124.6079
17,49.399,-124.6075
17,49.3986,-124.6084
17,49.3987,-124.6094
17,49.3988,-124.6086
17,49.3984,-124.6087
17,49.3983,-124.6093
17,49.3995,-124.6055
17,49.3995,-124.6057
17,49.3996,-124.6055
17,49.3996,-124.6056
17,49.3992,-124.6053
17,49.3961,-124.6031
17,49.396,-124.6021
17,49.3959,-124.6021
17,49.3989,-124.6047
17,49.4008,-124.6061
17,49.4007,-124.6066
17,49.4007,-124.6067
17,49.3997,-124.6062
17,49.3995,-124.6054
17,49.3994,-124.6053
17,49.3993,-124.6053
17,49.3867,-124.5832
17,49.3776,-124.5349
17,49.4836,-124.6477
17,49.4838,-124.6478
17,49.4834,-124.6478
17,49.4838,-124.6464
17,49.4841,-124.6456
17,49.4841,-124.6454
17,49.4837,-124.6459
17,49.4838,-124.6459
17,49.4838,-124.646
17,49.4841,-124.6458
17,49.4839,-124.6458
17,49.4839,-124.6454
17,49.484,-124.6458
17,49.484,-124.646
17,49.484,-124.6463
17,49.484,-124.6462
17,49.4839,-124.6464
17,49.4854,-124.6473
17,49.4846,-124.6465
17,49.4838,-124.6465
17,49.484,-124.6448
17,49.484,-124.6449
17,49.4841,-124.6449
17,49.4841,-124.645
17,49.484,-124.6458
17,49.4837,-124.6461
17,49.4839,-124.6464
17,49.4839,-124.6462
17,49.4839,-124.6462
17,49.4838,-124.6461
17,49.4837,-124.6463
17,49.4836,-124.646
17,49.4838,-124.6462
17,49.4842,-124.645
17,49.4837,-124.6461
17,49.4838,-124.6462
17,49.4841,-124.6452
17,49.4841,-124.6452
17,49.4839,-124.6448
17,49.4839,-124.6446
17,49.4781,-124.62
17,49.4625,-124.58
17,49.459,-124.5723
17,49.4,-124.6079
17,49.4005,-124.6076
17,49.4005,-124.6075
17,49.4012,-124.6079
17,49.3994,-124.6056
17,49.3993,-124.6057
17,49.3986,-124.6086
17,49.3985,-124.6086
17,49.3985,-124.6088
17,49.3993,-124.6065
17,49.399,-124.6091
17,49.3986,-124.6081
17,49.3989,-124.6079
17,49.3994,-124.607
17,49.3993,-124.6056
17,49.3993,-124.6056
17,49.3987,-124.6043
17,49.3986,-124.604
17,49.3999,-124.6047
17,49.4006,-124.6053
17,49.4002,-124.6051
17,49.4,-124.6049
17,49.3999,-124.608
17,49.3986,-124.6083
17,49.3988,-124.6088
17,49.3992,-124.6093
17,49.3993,-124.6053
17,49.3994,-124.6054
17,49.3996,-124.6054
17,49.3993,-124.6047
17,49.4012,-124.6051
17,49.399,-124.6079
17,49.3989,-124.6088
17,49.3987,-124.6086
17,49.3986,-124.6085
17,49.3985,-124.6087
17,49.3997,-124.6085
17,49.3984,-124.6086
17,49.3983,-124.6085
17,49.3993,-124.6086
17,49.4008,-124.6055
17,49.3992,-124.6086
17,49.3994,-124.6082
17,49.3987,-124.6082
17,49.3996,-124.6055
17,49.3994,-124.6056
17,49.3987,-124.6086
17,49.3994,-124.6054
17,49.3992,-124.605
17,49.3984,-124.6086
17,49.3992,-124.606
17,49.3992,-124.6061
17,49.3989,-124.6058
17,49.399,-124.6061
17,49.3988,-124.606
17,49.3991,-124.6061
17,49.3992,-124.6065
17,49.4004,-124.6074
17,49.4005,-124.605
17,49.4004,-124.6053
17,49.4005,-124.6055
17,49.4004,-124.6055
17,49.4004,-124.6059
17,49.3992,-124.6086
17,49.3993,-124.6073
17,49.3987,-124.6083
17,49.3984,-124.6084
17,49.3986,-124.6084
17,49.3986,-124.6088
17,49.4006,-124.6074
17,49.3776,-124.543
17,49.3781,-124.5426
17,49.3784,-124.5426
17,49.3784,-124.5425
17,49.3779,-124.5423
17,49.3781,-124.5434
17,49.3781,-124.5433
17,49.3782,-124.5434
17,49.377,-124.5433
17,49.3774,-124.543
17,49.3771,-124.5377
17,49.3749,-124.5326
17,49.4004,-124.6053
17,49.4011,-124.606
17,49.4014,-124.6065
17,49.4016,-124.6066
17,49.4014,-124.6064
17,49.4003,-124.6048
17,49.4002,-124.6052
17,49.4004,-124.6053
17,49.4002,-124.6054
17,49.4003,-124.6061
17,49.399,-124.609
17,49.3985,-124.6087
17,49.3984,-124.6088
17,49.3985,-124.6087
17,49.3986,-124.6087
17,49.3996,-124.6053
17,49.3993,-124.6055
17,49.3994,-124.6054
17,49.3996,-124.6078
17,49.3984,-124.6098
17,49.3991,-124.6076
17,49.4004,-124.6057
17,49.3985,-124.609
17,49.3983,-124.6099
17,49.3984,-124.6096
17,49.3986,-124.6085
17,49.3994,-124.6054
17,49.399,-124.6085
17,49.3983,-124.6094
17,49.3985,-124.6099
17,49.3986,-124.6097
17,49.398,-124.6096
17,49.3982,-124.6096
17,49.3982,-124.6096
17,49.3997,-124.6056
17,49.3994,-124.6054
17,49.4001,-124.6051
17,49.3994,-124.6058
17,49.3993,-124.6055
17,49.3983,-124.6093
17,49.3982,-124.6095
17,49.3986,-124.6095
17,49.3994,-124.6082
17,49.3998,-124.6072
17,49.3984,-124.6084
17,49.3994,-124.6056
17,49.3993,-124.6053
17,49.3749,-124.5323
17,49.3748,-124.5305
17,49.3744,-124.5309
17,49.3748,-124.5309
17,49.3753,-124.5303
17,49.3748,-124.5318
17,49.3749,-124.532
17,49.3748,-124.532
17,49.3785,-124.5357
17,49.3758,-124.534
17,49.378,-124.5355
17,49.3781,-124.5354
17,49.378,-124.5356
17,49.3783,-124.536
17,49.3775,-124.5351
17,49.3755,-124.5338
17,49.3749,-124.5314
17,49.3756,-124.5336
17,49.3758,-124.5338
17,49.3753,-124.5337
17,49.3994,-124.6055
17,49.3994,-124.6055
17,49.3996,-124.6054
17,49.3773,-124.5457
17,49.3781,-124.5434
17,49.378,-124.5435
17,49.3779,-124.5432
17,49.3782,-124.5434
17,49.3771,-124.5431
17,49.3995,-124.6053
17,49.3994,-124.6053
17,49.3985,-124.6089
17,49.3994,-124.6056
17,49.3995,-124.6055
17,49.3781,-124.5427
17,49.3781,-124.543
17,49.3779,-124.5446
17,49.3779,-124.543
17,49.3772,-124.5432
17,49.3747,-124.5307
17,49.3748,-124.532
17,49.3748,-124.5321
17,49.3748,-124.5318
17,49.3749,-124.5319
17,49.3984,-124.608
17,49.399,-124.6086
17,49.3989,-124.6084
17,49.3996,-124.6079
17,49.3993,-124.6064
17,49.3986,-124.6087
17,49.3993,-124.6067
17,49.3988,-124.6087
17,49.3984,-124.6092
17,49.3985,-124.6093
17,49.3982,-124.6094
17,49.3991,-124.6086
17,49.4001,-124.6072
17,49.4002,-124.6071
17,49.3994,-124.6053
17,49.4008,-124.6057
17,49.399,-124.6084
17,49.3985,-124.609
17,49.3988,-124.6083
17,49.3986,-124.6087
17,49.3986,-124.6085
17,49.3986,-124.6086
17,49.3992,-124.6083
17,49.3996,-124.6083
17,49.4004,-124.6075
17,49.3995,-124.6056
17,49.3983,-124.6045
17,49.3781,-124.5429
17,49.378,-124.5423
17,49.3779,-124.5421
17,49.3779,-124.5424
17,49.3783,-124.5428
17,49.3783,-124.5418
17,49.3989,-124.6088
17,49.3985,-124.6094
17,49.3983,-124.6096
17,49.3985,-124.6085
17,49.3989,-124.6089
17,49.399,-124.6085
17,49.3991,-124.6086
17,49.3984,-124.6094
17,49.3986,-124.609
17,49.3984,-124.6091
17,49.3987,-124.6089
17,49.3985,-124.6086
17,49.3984,-124.6083
17,49.3985,-124.6086
17,49.3985,-124.6088
17,49.3985,-124.609
17,49.3987,-124.6087
17,49.3989,-124.6091
17,49.3989,-124.6084
17,49.3994,-124.6055
17,49.3996,-124.6054
17,49.3995,-124.6054
17,49.3995,-124.6058
17,49.3991,-124.6085
17,49.399,-124.6085
17,49.3987,-124.6085
17,49.4038,-124.6106
17,49.3986,-124.6086
17,49.3995,-124.6053
17,49.3996,-124.6055
17,49.3994,-124.6056
17,49.3994,-124.6053
17,49.3971,-124.6134
17,49.3982,-124.6096
17,49.3983,-124.6095
17,49.3984,-124.6095
17,49.401,-124.6105
17,49.4011,-124.6109
17,49.3995,-124.6053
17,49.3986,-124.6086
17,49.3987,-124.6087
17,49.3986,-124.6095
17,49.3991,-124.6145
17,49.3986,-124.6088
17,49.3984,-124.6087
17,49.3985,-124.6088
17,49.399,-124.6082
17,49.3996,-124.6054
17,49.3995,-124.6055
17,49.3991,-124.6071
17,49.4013,-124.6051
17,49.3995,-124.6051
17,49.3995,-124.6046
17,49.3995,-124.6055
17,49.3996,-124.6055
17,49.3984,-124.6036
17,49.402,-124.604
17,49.3994,-124.6054
17,49.3994,-124.6063
17,49.399,-124.606
17,49.3974,-124.6038
17,49.3992,-124.6069
17,49.3994,-124.6083
17,49.4005,-124.6076
17,49.3986,-124.6086
17,49.3958,-124.6155
17,49.3986,-124.6085
17,49.3994,-124.6063
17,49.3997,-124.6056
17,49.3996,-124.6056
17,49.3996,-124.6055
17,49.3996,-124.6054
17,49.3994,-124.6055
17,49.3996,-124.6051
17,49.3995,-124.6056
17,49.3996,-124.6054
17,49.3994,-124.6053
17,49.3991,-124.608
17,49.3993,-124.608
17,49.3995,-124.6083
17,49.3985,-124.6093
17,49.3989,-124.6085
17,49.4006,-124.6071
17,49.3749,-124.5327
17,49.3754,-124.533
17,49.3753,-124.5328
17,49.3752,-124.5329
17,49.3802,-124.537
17,49.3753,-124.5332
17,49.3752,-124.5329
17,49.3757,-124.5329
17,49.3755,-124.534
17,49.3759,-124.5341
17,49.3755,-124.5334
17,49.3753,-124.533
17,49.3751,-124.5326
17,49.3994,-124.6054
17,49.3994,-124.6055
17,49.378,-124.5433
17,49.3782,-124.5439
17,49.3779,-124.5431
17,49.3749,-124.5317
17,49.3747,-124.5319
17,49.3758,-124.5312
17,49.3757,-124.534
17,49.3759,-124.5338
17,49.3756,-124.5335
17,49.3751,-124.5331
17,49.3753,-124.5331
17,49.3751,-124.5331
17,49.3753,-124.5329
17,49.375,-124.5328
17,49.3753,-124.5329
17,49.3984,-124.6097
17,49.3994,-124.6057
17,49.3993,-124.6055
17,49.3985,-124.6039
17,49.3996,-124.6053
17,49.3994,-124.6055
17,49.3991,-124.6057
17,49.3993,-124.6054
17,49.3994,-124.6053
17,49.3994,-124.6058
17,49.3994,-124.6053
17,49.3779,-124.5429
17,49.3782,-124.5432
17,49.378,-124.5437
17,49.4019,-124.6095
17,49.3782,-124.5433
17,49.3779,-124.5356
20,49.4977,-124.6778
20,49.4895,-124.6553
20,49.484,-124.6455
20,49.4839,-124.6445
20,49.4832,-124.6458
20,49.4839,-124.6445
20,49.484,-124.6447
20,49.4841,-124.6447
20,49.4804,-124.3694
20,49.4793,-124.3686
20,49.4802,-124.3697
20,49.4802,-124.3695
20,49.4804,-124.3694
20,49.423,-123.6559
20,49.3128,-123.1282
20,49.3296,-122.9336
20,49.329,-122.9345
20,49.3321,-122.9358
20,49.332,-122.9362
20,49.3322,-122.9354
20,49.3321,-122.9359
20,49.3313,-122.9383
20,49.3294,-122.9475
20,49.3291,-122.9473
20,49.329,-122.9473
20,49.329,-122.9472
20,49.3319,-122.9357
20,49.3319,-122.9359
20,49.3322,-122.9359
20,49.3322,-122.9365
20,49.3303,-122.9392
20,49.3259,-122.9361
20,49.3293,-122.9487
20,49.329,-122.9479
20,49.3289,-122.9476
20,49.329,-122.9475
20,49.3289,-122.94
20,49.3328,-122.9336
20,49.3313,-122.9381
20,49.3318,-122.9344
20,49.3322,-122.9357
20,49.3322,-122.9358
20,49.3317,-122.9356
20,49.3324,-122.9356
20,49.3322,-122.9357
20,49.3323,-122.936
20,49.3314,-122.9384
20,49.3312,-122.941
20,49.3314,-122.9403
20,49.3312,-122.9405
20,49.3313,-122.9401
20,49.3295,-122.9474
20,49.3292,-122.9475
20,49.3295,-122.9474
20,49.3292,-122.9471
20,49.3291,-122.9471
20,49.3334,-122.9313
20,49.3344,-122.9322
20,49.3322,-122.9357
20,49.3322,-122.9356
20,49.3304,-122.9451
20,49.3291,-122.9476
20,49.3384,-122.925
20,49.3361,-122.9286
20,49.3317,-122.9366
20,49.3321,-122.9356
20,49.332,-122.9365
20,49.3297,-122.9408
20,49.3321,-122.9358
20,49.3324,-122.9359
20,49.3312,-122.9373
20,49.3322,-122.9354
20,49.3305,-122.9446
20,49.3302,-122.9435
20,49.3322,-122.9356
20,49.3319,-122.9356
20,49.3321,-122.9358
20,49.3286,-122.9484
20,49.3322,-122.9356
20,49.332,-122.9362
20,49.3316,-122.9359
20,49.3299,-122.945
20,49.3279,-122.9459
20,49.3319,-122.9328
20,49.332,-122.9357
20,49.332,-122.9355
20,49.3314,-122.9389
20,49.332,-122.9389
20,49.3295,-122.9473
20,49.3259,-122.9462
20,49.3376,-122.9276
20,49.3316,-122.939
20,49.3319,-122.9357
20,49.3321,-122.9357
20,49.3314,-122.9406
20,49.3288,-122.9483
20,49.3286,-122.9484
20,49.3268,-122.9463
20,49.2876,-122.8588
20,49.2873,-122.859
20,49.2872,-122.8589
20,49.2874,-122.8594
20,49.3264,-122.9315
20,49.3319,-122.9258
20,49.3307,-122.927
20,49.3294,-122.9472
20,49.3321,-122.9357
20,49.3321,-122.936
20,49.3334,-122.9337
20,49.3304,-122.9307
20,49.3281,-122.936
20,49.3286,-122.9482
20,49.4081,-124.6255
20,49.4082,-124.6257
20,49.409,-124.6264
20,49.4101,-124.6271
20,49.4113,-124.6251
20,49.4123,-124.6252
20,49.4129,-124.6251
20,49.4125,-124.6245
20,49.4121,-124.6242
20,49.4128,-124.6218
20,49.4839,-124.6446
20,49.4841,-124.6452
20,49.4847,-124.6462
20,49.4903,-124.6545
20,49.4912,-124.6555
20,49.4918,-124.6563
20,49.4498,-124.606
20,49.4174,-124.6371
20,49.4167,-124.6376
20,49.4168,-124.6373
20,49.4171,-124.6351
20,49.4211,-124.629
20,49.423,-124.6416
20,49.4228,-124.6409
20,49.4226,-124.6407
20,49.4224,-124.6401
20,49.422,-124.6394
20,49.4219,-124.6393
20,49.422,-124.6391
20,49.4217,-124.6391
20,49.4216,-124.639
20,49.4216,-124.639
20,49.4218,-124.6395
20,49.4215,-124.639
20,49.4839,-124.6451
20,49.4835,-124.6456
20,49.4837,-124.6451
20,49.4838,-124.6446
20,49.4839,-124.6451
20,49.4846,-124.6471
20,49.4844,-124.6468
20,49.4845,-124.6463
20,49.4851,-124.6472
20,49.4883,-124.6581
20,49.4885,-124.6579
20,49.4886,-124.6581
20,49.4883,-124.6581
20,49.4901,-124.6611
20,49.4902,-124.6614
20,49.4902,-124.6618
20,49.4901,-124.6616
20,49.4886,-124.6619
20,49.4874,-124.6596
20,49.4842,-124.65
20,49.4838,-124.6449
20,49.4839,-124.6453
20,49.4839,-124.6451
20,49.4841,-124.6451
20,49.4838,-124.6452
20,49.4839,-124.6451
20,49.4839,-124.6453
20,49.4839,-124.6453
20,49.4841,-124.6453
20,49.484,-124.645
20,49.4841,-124.645
20,49.484,-124.6451
20,49.4839,-124.6452
20,49.4841,-124.6455
20,49.4841,-124.6453
20,49.4839,-124.6456
20,49.4835,-124.6465
20,49.4841,-124.6451
20,49.4841,-124.6446
20,49.4839,-124.6444
20,49.484,-124.6448
20,49.4839,-124.6448
20,49.484,-124.6449
20,49.4835,-124.648
20,49.4839,-124.6455
20,49.4837,-124.6457
20,49.4838,-124.646
20,49.4836,-124.6459
20,49.4839,-124.6457
20,49.4835,-124.6457
20,49.4837,-124.6456
20,49.4837,-124.6466
20,49.4843,-124.6461
20,49.484,-124.6449
20,49.5133,-124.5704
20,49.5134,-124.5703
20,49.5131,-124.5703
20,49.513,-124.5703
20,49.513,-124.5699
20,49.5134,-124.5695
20,49.5143,-124.5722
20,49.5142,-124.5721
20,49.5132,-124.5694
20,49.5131,-124.5692
20,49.5132,-124.5698
20,49.5138,-124.5699
20,49.5141,-124.5706
20,49.5138,-124.5709
20,49.5133,-124.5697
20,49.5131,-124.5698
20,49.5131,-124.5702
20,49.5132,-124.5702
20,49.5136,-124.57
20,49.5135,-124.57
20,49.5135,-124.5701
20,49.5136,-124.5701
20,49.4839,-124.6458
20,49.4837,-124.6467
20,49.4837,-124.6468
20,49.4838,-124.6466
20,49.4839,-124.6467
20,49.4837,-124.6472
20,49.4833,-124.6468
20,49.4837,-124.6452
20,49.4839,-124.6451
20,49.4837,-124.645
20,49.4838,-124.645
20,49.4839,-124.6452
20,49.4842,-124.645
20,49.484,-124.6451
20,49.4838,-124.6451
20,49.4839,-124.6449
20,49.4836,-124.6454
20,49.4838,-124.6451
20,49.4833,-124.6449
20,49.4839,-124.6448
20,49.484,-124.6447
20,49.4841,-124.6446
20,49.4839,-124.645
20,49.4841,-124.6448
20,49.4842,-124.6464
20,49.4839,-124.6461
20,49.4838,-124.6463
20,49.4838,-124.6461
20,49.484,-124.6462
20,49.4841,-124.6462
20,49.4841,-124.6453
20,49.4839,-124.6451
20,49.4841,-124.6457
20,49.4838,-124.6457
20,49.4841,-124.6457
20,49.484,-124.6455
20,49.484,-124.6454
20,49.4841,-124.6456
20,49.4841,-124.6457
20,49.4842,-124.6458
20,49.4842,-124.6457
20,49.4842,-124.646
20,49.4841,-124.6457
20,49.4841,-124.6457
20,49.4842,-124.646
20,49.4841,-124.646
20,49.4842,-124.6459
20,49.4839,-124.646
20,49.4841,-124.646
20,49.4841,-124.6457
20,49.4842,-124.6456
20,49.4841,-124.6458
20,49.4839,-124.6456
20,49.484,-124.6457
20,49.4841,-124.6456
20,49.4841,-124.6455
20,49.4841,-124.6459
20,49.4842,-124.646
20,49.4838,-124.6461
20,49.484,-124.6457
20,49.4835,-124.6445
20,49.4839,-124.6452
20,49.4841,-124.646
20,49.4838,-124.6463
20,49.484,-124.6464
20,49.4839,-124.6463
20,49.4838,-124.6471
20,49.4836,-124.6469
20,49.4842,-124.6465
20,49.4901,-124.6552
20,49.49,-124.6552
20,49.4901,-124.6551
20,49.4902,-124.6549
20,49.4902,-124.6547
20,49.4916,-124.6612
20,49.4916,-124.6593
20,49.4842,-124.6474
20,49.4836,-124.6458
20,49.4839,-124.6449
20,49.4838,-124.6448
20,49.4839,-124.645
20,49.484,-124.6449
20,49.4839,-124.6449
20,49.4839,-124.6451
20,49.4839,-124.6448
20,49.4838,-124.6451
20,49.484,-124.6449
20,49.4838,-124.6452
20,49.484,-124.645
20,49.4841,-124.6448
20,49.4838,-124.6453
20,49.484,-124.6494
20,49.4841,-124.6451
20,49.4838,-124.6452
20,49.484,-124.645
20,49.4841,-124.6449
20,49.4839,-124.6449
20,49.484,-124.645
20,49.4839,-124.6469
20,49.4836,-124.647
20,49.4834,-124.6466
20,49.4841,-124.6464
20,49.484,-124.6462
20,49.4839,-124.6461
20,49.484,-124.6456
20,49.4841,-124.6471
20,49.49,-124.6634
20,49.489,-124.6632
20,49.4875,-124.66
20,49.4874,-124.6596
20,49.4887,-124.662
20,49.4902,-124.655
20,49.49,-124.6551
20,49.4902,-124.6553
20,49.4905,-124.6589
20,49.488,-124.6588
20,49.4878,-124.6588
20,49.4878,-124.6588
20,49.4903,-124.6624
20,49.49,-124.6553
20,49.4898,-124.6554
20,49.4898,-124.6552
20,49.4897,-124.6553
20,49.4898,-124.6551
20,49.4899,-124.6552
20,49.4901,-124.6553
20,49.4901,-124.6557
20,49.4896,-124.655
20,49.4895,-124.6544
20,49.4895,-124.6546
20,49.4897,-124.6549
20,49.4898,-124.6553
20,49.4897,-124.6552
20,49.4899,-124.6552
20,49.4898,-124.655
20,49.4897,-124.6547
20,49.4903,-124.6631
20,49.4876,-124.6597
20,49.4914,-124.6632
20,49.4911,-124.6629
20,49.4913,-124.663
20,49.4913,-124.663
20,49.4913,-124.6629
20,49.4907,-124.6626
20,49.4908,-124.6624
20,49.4881,-124.6605
20,49.4902,-124.6552
20,49.4901,-124.655
20,49.4902,-124.6542
20,49.4901,-124.6542
20,49.4901,-124.6541
20,49.4902,-124.6543
20,49.4901,-124.6551
20,49.4897,-124.6553
20,49.4906,-124.6587
20,49.4423,-124.6548
20,49.435,-124.6574
20,49.4328,-124.6587
20,49.4337,-124.6566
20,49.4346,-124.6548
20,49.4308,-124.6605
20,49.4309,-124.6605
20,49.4309,-124.6606
20,49.4315,-124.6615
20,49.4317,-124.6616
20,49.4319,-124.6613
20,49.4903,-124.6542
20,49.4905,-124.656
20,49.4907,-124.6563
20,49.4897,-124.6555
20,49.4841,-124.6449
20,49.4842,-124.6456
20,49.4841,-124.645
20,49.4839,-124.6449
20,49.484,-124.6448
20,49.4841,-124.6447
20,49.4841,-124.6449
20,49.4835,-124.6477
20,49.409,-124.6237
20,49.4087,-124.6214
20,49.4041,-124.6216
20,49.4835,-124.6481
20,49.4842,-124.6451
20,49.484,-124.645
20,49.4837,-124.6452
20,49.4839,-124.645
20,49.4841,-124.6447
20,49.484,-124.6451
20,49.4839,-124.6451
20,49.4841,-124.6452
20,49.4839,-124.6455
20,49.4838,-124.6451
20,49.484,-124.6451
20,49.484,-124.645
20,49.4838,-124.6451
20,49.4838,-124.6451
20,49.4839,-124.6451
20,49.484,-124.6452
20,49.484,-124.645
20,49.4839,-124.6452
20,49.4838,-124.6448
20,49.4839,-124.6451
20,49.484,-124.6451
20,49.4839,-124.6452
20,49.4839,-124.645
20,49.4838,-124.6451
20,49.484,-124.6451
20,49.4839,-124.645
20,49.4838,-124.6451
20,49.4839,-124.6452
20,49.484,-124.6452
20,49.4839,-124.646
20,49.4837,-124.6459
20,49.4835,-124.6473
20,49.4836,-124.6478
20,49.4837,-124.6478
20,49.5134,-124.57
20,49.5132,-124.5701
20,49.5134,-124.5702
20,49.5131,-124.57
20,49.5131,-124.57
20,49.5135,-124.5698
20,49.5134,-124.5705
20,49.5135,-124.5705
20,49.5135,-124.5704
20,49.5137,-124.5697
20,49.5134,-124.5708
20,49.5136,-124.5706
20,49.5135,-124.5708
20,49.5136,-124.5706
20,49.5133,-124.5705
20,49.5135,-124.5706
20,49.5134,-124.5705
20,49.5134,-124.5703
20,49.5136,-124.5703
20,49.5135,-124.5703
20,49.5134,-124.5704
20,49.5135,-124.5704
20,49.5135,-124.5704
20,49.5134,-124.5704
20,49.5133,-124.5703
20,49.5134,-124.5703
20,49.5137,-124.5702
20,49.5132,-124.5702
20,49.5131,-124.5702
20,49.5131,-124.5704
20,49.5132,-124.5703
20,49.5133,-124.5703
20,49.5132,-124.5702
20,49.5129,-124.5703
20,49.5132,-124.5694
20,49.5163,-124.5668
20,49.5221,-124.5649
20,49.5123,-124.5696
20,49.5129,-124.5694
20,49.5127,-124.5695
20,49.5139,-124.5709
20,49.5129,-124.5699
20,49.5094,-124.5742
20,49.5131,-124.5702
20,49.5136,-124.5701
20,49.5134,-124.5702
20,49.5137,-124.5706
20,49.5132,-124.5704
20,49.5135,-124.5706
20,49.5137,-124.5702
20,49.5138,-124.5702
20,49.5138,-124.5707
20,49.5138,-124.5699
20,49.5135,-124.57
20,49.5137,-124.57
20,49.5135,-124.5698
20,49.5135,-124.5698
20,49.5136,-124.5696
20,49.5128,-124.5695
20,49.513,-124.5696
20,49.5135,-124.5704
20,49.5136,-124.5701
20,49.5138,-124.5702
20,49.5132,-124.5703
20,49.515,-124.5739
20,49.5128,-124.5697
20,49.5125,-124.5699
20,49.5127,-124.5697
20,49.4031,-124.6258
20,49.4033,-124.6251
20,49.4031,-124.6253
20,49.4031,-124.6251
20,49.4029,-124.625
20,49.4029,-124.6254
20,49.4027,-124.6255
20,49.4031,-124.6252
20,49.4031,-124.6256
20,49.4029,-124.6256
20,49.4127,-124.6175
20,49.4523,-124.612
20,49.4841,-124.6457
20,49.4842,-124.6463
20,49.4835,-124.6462
20,49.4842,-124.6462
20,49.4844,-124.6459
20,49.4842,-124.646
20,49.4841,-124.6456
20,49.4843,-124.6455
20,49.4839,-124.6456
20,49.484,-124.6459
20,49.4837,-124.6459
20,49.4843,-124.6455
20,49.4842,-124.6455
20,49.4843,-124.6455
20,49.484,-124.646
20,49.484,-124.6456
20,49.4841,-124.6461
20,49.4843,-124.6462
20,49.4839,-124.6459
20,49.4839,-124.6458
20,49.4838,-124.6459
20,49.4841,-124.6459
20,49.484,-124.645
20,49.4842,-124.6452
20,49.4841,-124.6461
20,49.4842,-124.6459
20,49.484,-124.6451
20,49.4841,-124.6451
20,49.4838,-124.6451
20,49.4837,-124.6452
20,49.4839,-124.645
20,49.5136,-124.5692
20,49.5143,-124.5725
20,49.5139,-124.5711
20,49.5137,-124.5711
20,49.5137,-124.5709
20,49.4838,-124.6452
20,49.484,-124.645
20,49.4841,-124.6453
20,49.4839,-124.6449
20,49.4841,-124.6451
20,49.4841,-124.6449
20,49.4842,-124.6453
20,49.484,-124.6453
20,49.484,-124.645
20,49.484,-124.645
20,49.4838,-124.6448
20,49.484,-124.6446
20,49.4841,-124.6449
20,49.4836,-124.6444
20,49.4842,-124.6451
20,49.4843,-124.6457
20,49.4837,-124.6453
20,49.484,-124.6453
20,49.4843,-124.645
20,49.4843,-124.645
20,49.4842,-124.6451
20,49.4842,-124.6452
20,49.3978,-124.6054
20,49.399,-124.607
20,49.3991,-124.6072
20,49.3993,-124.607
20,49.3992,-124.6067
20,49.3994,-124.6062
20,49.3992,-124.6064
20,49.3992,-124.6065
20,49.3993,-124.6067
20,49.484,-124.6445
20,49.49,-124.6495
20,49.4908,-124.6563
20,49.4911,-124.6562
20,49.4908,-124.6556
20,49.4908,-124.6564
20,49.491,-124.6561
20,49.4909,-124.6561
20,49.4909,-124.6562
20,49.4907,-124.6552
20,49.4982,-124.3898
20,49.4984,-124.3895
20,49.4981,-124.3896
20,49.4984,-124.3898
20,49.4983,-124.3897
20,49.4982,-124.3899
20,49.4979,-124.3899
20,49.4981,-124.3899
20,49.4981,-124.3899
20,49.4998,-124.3901
20,49.3615,-124.4119
20,49.4026,-124.0876
20,49.4191,-124.0179
20,49.4738,-123.9058
20,49.4557,-123.8618
20,49.4528,-123.8526
20,49.4494,-123.8405
20,49.4133,-123.6792
20,49.4056,-123.654
20,49.4035,-123.6446
20,49.4008,-123.6359
20,49.4,-123.6259
20,49.3988,-123.6155
20,49.3968,-123.6052
20,49.3943,-123.5949
20,49.391,-123.5768
20,49.389,-123.5683
20,49.329,-122.9353
20,49.335,-122.9284
20,49.3283,-122.9376
20,49.332,-122.9358
20,49.3321,-122.9357
20,49.3332,-122.9328
20,49.3322,-122.9359
20,49.3323,-122.9346
20,49.3321,-122.9354
20,49.3313,-122.9365
20,49.3319,-122.9355
20,49.3314,-122.9389
20,49.3292,-122.947
20,49.3296,-122.9439
20,49.33,-122.9467
20,49.3297,-122.9464
20,49.3298,-122.9473
20,49.3312,-122.937
20,49.3303,-122.943
20,49.3291,-122.9464
20,49.3292,-122.947
20,49.3292,-122.947
20,49.3292,-122.9472
20,49.3293,-122.947
20,49.3295,-122.9472
20,49.3294,-122.9472
20,49.3292,-122.9473
20,49.3297,-122.9468
20,49.2864,-122.8591
20,49.3319,-122.936
20,49.3318,-122.9359
20,49.3322,-122.9337
20,49.3316,-122.9356
20,49.3319,-122.9356
20,49.3312,-122.9394
20,49.3288,-122.9472
20,49.329,-122.9469
20,49.33,-122.9449
20,49.2871,-122.8591
20,49.2874,-122.859
20,49.2873,-122.8593
20,49.325,-122.9344
20,49.3279,-122.9322
20,49.3283,-122.933
20,49.3371,-122.9208
20,49.3296,-122.9468
20,49.3333,-122.9338
20,49.3323,-122.9356
20,49.332,-122.9355
20,49.3319,-122.9357
20,49.3322,-122.9356
20,49.3317,-122.9359
20,49.3318,-122.9354
20,49.332,-122.9354
20,49.332,-122.9355
20,49.3289,-122.9483
20,49.3291,-122.9432
20,49.2869,-122.8598
20,49.287,-122.8599
20,49.2871,-122.86
20,49.3322,-122.9356
20,49.3314,-122.9411
20,49.332,-122.9357
20,49.3318,-122.9359
20,49.3288,-122.9468
20,49.3288,-122.9471
20,49.329,-122.9471
20,49.3322,-122.9359
20,49.3288,-122.9483
20,49.3321,-122.9356
20,49.3321,-122.9356
20,49.3319,-122.9357
20,49.3319,-122.9359
20,49.3307,-122.9441
20,49.3304,-122.946
20,49.3287,-122.9485
20,49.3286,-122.948
20,49.3286,-122.9481
20,49.3287,-122.9468
20,49.2873,-122.8599
20,49.2873,-122.8598
20,49.2872,-122.8597
20,49.2869,-122.8601
20,49.294,-122.92
20,49.3318,-122.9356
20,49.3323,-122.9357
20,49.3322,-122.9356
20,49.3296,-122.9397
20,49.3313,-122.9276
20,49.3312,-122.9274
20,49.3311,-122.9281
20,49.3315,-122.9279
20,49.3319,-122.9276
20,49.3321,-122.936
20,49.3318,-122.9357
20,49.3254,-122.9365
20,49.3276,-122.9316
20,49.3295,-122.9295
20,49.3317,-122.9274
20,49.3318,-122.927
20,49.3314,-122.9274
20,49.3302,-122.9285
20,49.287,-122.8595
20,49.2862,-122.8599
20,49.3323,-122.9359
20,49.3319,-122.9356
20,49.3321,-122.9358
20,49.3315,-122.939
20,49.3289,-122.9482
20,49.3288,-122.9482
20,49.3253,-122.9357
20,49.3268,-122.9386
20,49.2868,-122.8595
20,49.2867,-122.8597
20,49.3301,-122.9457
20,49.3295,-122.9466
20,49.3306,-122.9277
20,49.3312,-122.9271
20,49.3259,-122.9379
20,49.3284,-122.948
20,49.3291,-122.9471
20,49.3303,-122.946
20,49.3323,-122.9359
20,49.3321,-122.9359
20,49.3319,-122.9361
20,49.3314,-122.9359
20,49.3285,-122.9369
20,49.3269,-122.9464
20,49.3309,-122.9375
20,49.3058,-124.1268
20,49.306,-124.1267
20,49.3059,-124.1265
20,49.3061,-124.1291
20,49.3062,-124.1294
20,49.306,-124.1295
20,49.3064,-124.129
20,49.3057,-124.1354
20,49.3268,-124.2192
20,49.3271,-124.2355
20,49.327,-124.2197
20,49.3268,-124.2193
20,49.3269,-124.2206
20,49.3268,-124.2206
20,49.3269,-124.2204
20,49.3269,-124.2203
20,49.3267,-124.2199
20,49.3247,-124.2631
20,49.3232,-124.2624
20,49.3228,-124.2624
20,49.3228,-124.2622
20,49.3242,-124.2616
20,49.3252,-124.2627
20,49.325,-124.2627
20,49.4842,-124.6461
20,49.4839,-124.6461
20,49.4844,-124.6462
20,49.4842,-124.6458
20,49.484,-124.6451
20,49.4835,-124.6477
20,49.4362,-124.6652
20,49.4356,-124.6647
20,49.4838,-124.6462
20,49.484,-124.6462
20,49.4839,-124.6462
20,49.4837,-124.6461
20,49.484,-124.6464
20,49.484,-124.6468
20,49.4868,-124.649
20,49.4842,-124.6465
20,49.4841,-124.6463
20,49.4839,-124.646
20,49.4841,-124.6462
20,49.484,-124.6457
20,49.4841,-124.6456
20,49.4841,-124.6459
20,49.4841,-124.6456
20,49.4841,-124.6455
20,49.484,-124.6455
20,49.5139,-124.5701
20,49.5139,-124.5709
20,49.5137,-124.571
20,49.5137,-124.5707
20,49.5138,-124.5707
20,49.5136,-124.5709
20,49.6313,-124.4609
20,49.6318,-124.4606
20,49.6317,-124.4607
20,49.6318,-124.4606
20,49.6322,-124.4607
20,49.6317,-124.4604
20,49.6323,-124.4613
20,49.5135,-124.5707
20,49.5137,-124.5702
20,49.5135,-124.5705
20,49.5135,-124.5704
20,49.5135,-124.5708
20,49.5135,-124.5704
20,49.5134,-124.5705
20,49.5129,-124.5702
20,49.484,-124.6448
20,49.484,-124.6451
20,49.4841,-124.6454
20,49.4842,-124.6449
20,49.4841,-124.645
20,49.4841,-124.645
20,49.484,-124.6465
20,49.4839,-124.6451
20,49.4839,-124.6453
20,49.484,-124.645
20,49.4834,-124.6456
20,49.4833,-124.6447
20,49.484,-124.645
20,49.4836,-124.6467
20,49.4838,-124.6462
20,49.4838,-124.6464
20,49.4839,-124.6462
20,49.4838,-124.6462
20,49.4838,-124.6463
20,49.4837,-124.646
20,49.4842,-124.6446
20,49.4841,-124.6448
20,49.4838,-124.6447
20,49.484,-124.6448
20,49.4839,-124.6451
20,49.484,-124.6446
20,49.484,-124.6446
20,49.4841,-124.6444
20,49.4841,-124.6445
20,49.4841,-124.6446
20,49.4842,-124.6451
20,49.4842,-124.645
20,49.484,-124.6449
20,49.4841,-124.6452
20,49.484,-124.645
20,49.4838,-124.6461
20,49.484,-124.6451
20,49.4842,-124.6449
20,49.4841,-124.6454
20,49.4842,-124.6449
20,49.4841,-124.6455
20,49.4841,-124.6459
20,49.4841,-124.646
20,49.4908,-124.6563
20,49.4908,-124.6562
20,49.4907,-124.656
20,49.5134,-124.5703
20,49.5135,-124.5701
20,49.5136,-124.5703
20,49.5136,-124.57
20,49.5136,-124.57
20,49.5132,-124.5704
20,49.5136,-124.5703
20,49.5133,-124.5702
20,49.5132,-124.5702
20,49.5133,-124.5703
20,49.5135,-124.5698
20,49.5136,-124.5702
20,49.5133,-124.5701
