{"chunk_definitions":[{"row":45,"row_count":1,"visible":true,"expansion_state":0,"options":{"engine":"r","label":"setup","include":false},"document_id":"AF9C664C","chunk_id":"csetup_chunk","chunk_label":"setup"},{"row":66,"row_count":1,"visible":true,"expansion_state":0,"options":{},"document_id":"AF9C664C","chunk_id":"cykuyysx9g523","chunk_label":"load dataset"},{"row":75,"row_count":1,"visible":true,"expansion_state":0,"options":{},"document_id":"AF9C664C","chunk_id":"cdf7s0nm7gifw","chunk_label":"check data set for outliers"},{"row":85,"row_count":1,"visible":true,"expansion_state":0,"options":{},"document_id":"AF9C664C","chunk_id":"cgumrfmvzwkoh","chunk_label":"visualize missing data"},{"row":91,"row_count":1,"visible":true,"expansion_state":0,"options":{},"document_id":"AF9C664C","chunk_id":"cmurzydypnxst","chunk_label":"upset plot"},{"row":98,"row_count":1,"visible":true,"expansion_state":0,"options":{},"document_id":"AF9C664C","chunk_id":"cg6bw74owtzoc","chunk_label":"create shadow"},{"row":111,"row_count":1,"visible":true,"expansion_state":0,"options":{},"document_id":"AF9C664C","chunk_id":"cohwq7u1rupv2","chunk_label":"see distribution of main outcome based on the most missing"},{"row":116,"row_count":1,"visible":true,"expansion_state":0,"options":{},"document_id":"AF9C664C","chunk_id":"c78pubxz5v4zv","chunk_label":"remove data shadow"},{"row":127,"row_count":1,"visible":true,"expansion_state":0,"options":{},"document_id":"AF9C664C","chunk_id":"cuv93b76i1rti","chunk_label":"display table 1"},{"row":146,"row_count":1,"visible":true,"expansion_state":0,"options":{},"document_id":"AF9C664C","chunk_id":"cp56ksf3ab91k","chunk_label":"plot pair-wise comparison"},{"row":191,"row_count":1,"visible":true,"expansion_state":0,"options":{},"document_id":"AF9C664C","chunk_id":"crihtujfxluck","chunk_label":"plot scatterplots and fitted lines"},{"row":209,"row_count":1,"visible":true,"expansion_state":0,"options":{},"document_id":"AF9C664C","chunk_id":"c26ufutoob0sc","chunk_label":"model 1 demo"},{"row":223,"row_count":1,"visible":true,"expansion_state":0,"options":{},"document_id":"AF9C664C","chunk_id":"c5wdtx7i0l7jt","chunk_label":"fit models"},{"row":232,"row_count":1,"visible":true,"expansion_state":0,"options":{},"document_id":"AF9C664C","chunk_id":"clnobc53qeo6a","chunk_label":"display model 2 as summary"},{"row":241,"row_count":1,"visible":true,"expansion_state":0,"options":{},"document_id":"AF9C664C","chunk_id":"ctv151cenbfq2","chunk_label":"view model 2 values from model 2 object"},{"row":254,"row_count":1,"visible":true,"expansion_state":0,"options":{},"document_id":"AF9C664C","chunk_id":"cbf70m03ld5pt","chunk_label":"recreate model 2 formula from model object"},{"row":298,"row_count":1,"visible":true,"expansion_state":0,"options":{},"document_id":"AF9C664C","chunk_id":"ckt3ymc4g5rua","chunk_label":"view model 2 output in tidy format"},{"row":331,"row_count":1,"visible":true,"expansion_state":0,"options":{},"document_id":"AF9C664C","chunk_id":"cax70pgwp6y1j","chunk_label":"word doc ready selection from model tibble"},{"row":348,"row_count":1,"visible":true,"expansion_state":0,"options":{},"document_id":"AF9C664C","chunk_id":"cg38g189y5cz1","chunk_label":"stargazer table of models 1 and 2"},{"row":357,"row_count":1,"visible":true,"expansion_state":0,"options":{},"document_id":"AF9C664C","chunk_id":"cs48azeo0ztbd","chunk_label":"report model 1"},{"row":363,"row_count":1,"visible":true,"expansion_state":0,"options":{},"document_id":"AF9C664C","chunk_id":"c8axe4pg0orhq","chunk_label":"report model 2"},{"row":388,"row_count":1,"visible":true,"expansion_state":0,"options":{},"document_id":"AF9C664C","chunk_id":"cnod7vkkfn8fy","chunk_label":"diagnostic plots model 1"},{"row":396,"row_count":1,"visible":true,"expansion_state":0,"options":{},"document_id":"AF9C664C","chunk_id":"cm0tnmmji5qyf","chunk_label":"check model 1 for outliers using performance"},{"row":402,"row_count":1,"visible":true,"expansion_state":0,"options":{},"document_id":"AF9C664C","chunk_id":"czbdgpfvy26hh","chunk_label":"check model 1 for outliers using olsrr"},{"row":412,"row_count":1,"visible":true,"expansion_state":0,"options":{},"document_id":"AF9C664C","chunk_id":"cg8gqp8bjk5di","chunk_label":"augment model 1"},{"row":421,"row_count":1,"visible":true,"expansion_state":0,"options":{},"document_id":"AF9C664C","chunk_id":"cd2hr7zl8f0ug","chunk_label":"identify influential points"},{"row":432,"row_count":1,"visible":true,"expansion_state":0,"options":{},"document_id":"AF9C664C","chunk_id":"c6ym7p7whba6g","chunk_label":"remove influential points from dataset"},{"row":443,"row_count":1,"visible":true,"expansion_state":0,"options":{},"document_id":"AF9C664C","chunk_id":"csifdlb6vwuvg","chunk_label":"fit model 1 and view diagnostic plots after removing outliers"},{"row":449,"row_count":1,"visible":true,"expansion_state":0,"options":{},"document_id":"AF9C664C","chunk_id":"cbnub1g7qi561","chunk_label":"view outliers again after removing a set of outliers"},{"row":455,"row_count":1,"visible":true,"expansion_state":0,"options":{},"document_id":"AF9C664C","chunk_id":"cf6aqllxtqlo3","chunk_label":"view summary of model 1 after removing outliers"},{"row":459,"row_count":1,"visible":true,"expansion_state":0,"options":{},"document_id":"AF9C664C","chunk_id":"covqpjogwkbof","chunk_label":"remove unneeded objects from outlier of model 1"},{"row":469,"row_count":1,"visible":true,"expansion_state":0,"options":{},"document_id":"AF9C664C","chunk_id":"c87ac6kacrdg2","chunk_label":"diagnostic plots model 2"},{"row":476,"row_count":1,"visible":true,"expansion_state":0,"options":{},"document_id":"AF9C664C","chunk_id":"cjcfzb1usxkmc","chunk_label":"check model 2 for outliers"},{"row":482,"row_count":1,"visible":true,"expansion_state":0,"options":{},"document_id":"AF9C664C","chunk_id":"cc0gwv0dycs1o","chunk_label":"check model 2 for outliers using olsrr"},{"row":507,"row_count":1,"visible":true,"expansion_state":0,"options":{},"document_id":"AF9C664C","chunk_id":"cj0wujs5rjqjl","chunk_label":"check for collinearity with vif"},{"row":517,"row_count":1,"visible":true,"expansion_state":0,"options":{},"document_id":"AF9C664C","chunk_id":"crbsjecsdxzgs","chunk_label":"add vif values to model 2 tibble"},{"row":530,"row_count":1,"visible":true,"expansion_state":0,"options":{},"document_id":"AF9C664C","chunk_id":"cji94gwzk9ax9","chunk_label":"write model 2 to csv"},{"row":549,"row_count":1,"visible":true,"expansion_state":0,"options":{},"document_id":"AF9C664C","chunk_id":"cczkj0k8rqt54","chunk_label":"session info"}],"doc_write_time":1612984596,"working_dir":null,"default_chunk_options":{"echo":true}}